,index,halo_id_nbody,gal coord y (pMpc),gal coord z (pMpc),Redshift,f_esc_lum,lya_lum,NIRCam_F200W_dust,mstar,0 Radius (pMpc),0 Edge,10 Radius (pMpc),10 Edge,20 Radius (pMpc),20 Edge,30 Radius (pMpc),30 Edge,40 Radius (pMpc),40 Edge,50 Radius (pMpc),50 Edge,60 Radius (pMpc),60 Edge,70 Radius (pMpc),70 Edge,80 Radius (pMpc),80 Edge,90 Radius (pMpc),90 Edge,100 Radius (pMpc),100 Edge,110 Radius (pMpc),110 Edge,120 Radius (pMpc),120 Edge,130 Radius (pMpc),130 Edge,140 Radius (pMpc),140 Edge,150 Radius (pMpc),150 Edge,160 Radius (pMpc),160 Edge,170 Radius (pMpc),170 Edge,180 Radius (pMpc),180 Edge,190 Radius (pMpc),190 Edge,200 Radius (pMpc),200 Edge,210 Radius (pMpc),210 Edge,220 Radius (pMpc),220 Edge,230 Radius (pMpc),230 Edge,240 Radius (pMpc),240 Edge,250 Radius (pMpc),250 Edge,260 Radius (pMpc),260 Edge,270 Radius (pMpc),270 Edge,280 Radius (pMpc),280 Edge,290 Radius (pMpc),290 Edge,300 Radius (pMpc),300 Edge,310 Radius (pMpc),310 Edge,320 Radius (pMpc),320 Edge,330 Radius (pMpc),330 Edge,340 Radius (pMpc),340 Edge,350 Radius (pMpc),350 Edge,360 Radius (pMpc),360 Edge,Transmission 0,Transmission 10,Transmission 20,Transmission 30,Transmission 40,Transmission 50,Transmission 60,Transmission 70,Transmission 80,Transmission 90,Transmission 100,Transmission 110,Transmission 120,Transmission 130,Transmission 140,Transmission 150,Transmission 160,Transmission 170,Transmission 180,Transmission 190,Transmission 200,Transmission 210,Transmission 220,Transmission 230,Transmission 240,Transmission 250,Transmission 260,Transmission 270,Transmission 280,Transmission 290,Transmission 300,Transmission 310,Transmission 320,Transmission 330,Transmission 340,Transmission 350,Transmission 360
0,951,233541942,-12.22868913882902,10.062722058888824,7.270237,4.677951194895e+43,1.2541424115e+44,25.337671,0.78808223,1.353729424962621,False,1.469141229641849,False,1.5421692369369586,False,1.7799811802847145,False,1.8605231358758472,False,2.114592960515922,False,2.1828231091009296,False,3.65479089163543,True,3.4871490746723666,True,3.429447876571974,True,3.3984331022279193,False,2.968617479345803,False,2.3843407497854923,True,1.8605231358758485,True,1.5368787608407906,True,1.332505028733641,True,1.2570179368752377,True,1.1870353745354496,True,1.1732321683009381,True,1.1870353745354496,True,1.2570179368752383,True,1.332505028733642,True,1.5368787608407906,True,1.5368787608407894,False,1.5342266816243049,False,1.5421692369369595,False,1.4691412296418511,False,1.4439780532934652,False,1.3805385508018309,False,1.3416423131174855,False,1.3775855237822499,False,1.3416423131174864,False,1.3416423131174864,False,1.4552154060672857,False,1.4269561061572948,False,1.3805385508018289,False,1.353729424962621,False,0.468082621074425,0.4928946524844631,0.5075001269528727,0.5499694117532247,0.5628032652859472,0.5990221378326134,0.6077766776091977,0.813765216091994,0.8062309855077229,0.8034953739397508,0.7182132766798913,0.6869414140158079,0.7361341333610033,0.6816694739025487,0.6353871251582768,0.5987253508942143,0.5833060405736067,0.5679510750872845,0.5647927205422626,0.5679510750872845,0.5833060405736068,0.5987253508942144,0.6353871251582768,0.5064687940729419,0.505950256269809,0.5075001269528728,0.49289465248446357,0.4876716332737997,0.4740458591273964,0.46535277761027233,0.4733951159510341,0.46535277761027255,0.46535277761027255,0.49001654835768577,0.4840808942801138,0.47404585912739594,0.468082621074425
1,961,233542054,-12.138440510498176,10.062722058888824,7.266834,3.996923377456001e+42,1.0715612272000002e+43,26.668165,0.083386611,1.2634807966317787,False,1.276308341710446,False,1.4269561061572942,False,1.6567445870008586,False,1.73361953838084,False,1.9875198701057564,False,2.1828231091009287,False,3.654790891635429,True,3.4871490746723657,True,3.429447876571974,True,3.4871490746723657,False,3.084338473873919,False,2.585902752561714,True,1.9875198701057575,True,1.6641024822117916,True,1.4552154060672842,True,1.3416423131174855,True,1.2763083417104477,True,1.2634807966317805,True,1.2763083417104477,True,1.3416423131174862,True,1.4552154060672842,True,1.6641024822117916,False,1.6641024822117905,False,1.578706231118728,False,1.5421692369369608,False,1.4691412296418513,False,1.4439780532934652,False,1.3805385508018309,False,1.3416423131174855,False,1.3325050287336402,False,1.2826740088389057,False,1.2826740088389057,False,1.3325050287336435,False,1.3416423131174844,False,1.276308341710446,False,1.2634807966317787,False,0.4470555131507489,0.4501370312940253,0.48408089428011364,0.52887351468588,0.5422489052135862,0.5816644774279089,0.6077766776091976,0.8137652160919939,0.8062309855077229,0.8034953739397508,0.7239138558996152,0.6960152131780329,0.7524715551838006,0.6968152435659126,0.655071195146398,0.621551721045065,0.6005168967114404,0.5873545625014152,0.5846709574990356,0.5873545625014152,0.6005168967114405,0.621551721045065,0.5301858852599328,0.5301858852599326,0.5145128070598126,0.507500126952873,0.4928946524844636,0.4876716332737997,0.4740458591273964,0.46535277761027233,0.46327183891913865,0.4516545371515692,0.4516545371515692,0.4632718389191394,0.4653527776102721,0.4501370312940253,0.4470555131507489
2,2688,230538101,-12.409186395490702,2.48183727909814,7.271308,1.4138659844477997e+43,2.0140541088999996e+43,25.856201,0.13466445,3.4294478765719756,False,3.3984331022279197,False,3.0843384738739195,False,2.787499494077236,False,2.4383836630823326,False,2.2417294223264763,False,1.5342266816243069,False,1.54216923693696,False,1.8251655542661707,False,1.0829835399700993,False,1.1870353745354505,False,1.426956106157297,False,1.6567445870008595,False,1.5368787608407906,True,1.341642313117485,True,1.1766981497613234,True,1.0563331119665684,True,1.0090103391193739,True,0.9927349116392552,True,1.0090103391193737,True,0.9720074743588185,False,1.0090103391193745,False,1.0867373936520994,False,1.0867373936521005,False,1.0524708207458175,False,1.0563331119665669,False,1.1870353745354483,False,1.1732321683009372,False,1.2763083417104466,False,1.4269561061572955,False,1.4552154060672844,False,1.409728640343949,False,1.9875198701057555,False,1.981363366300692,False,2.397965664977805,False,2.1958438992866127,False,3.4294478765719756,False,0.7202324682611271,0.7182132766798914,0.696015213178033,0.6716170085653516,0.6374973916303783,0.6150408593422444,0.5059502562698094,0.5075001269528729,0.5572570165458075,0.4001185645972178,0.4280162390962049,0.4840808942801143,0.5288735146858802,0.6353871251582768,0.6005168967114403,0.5655899592701324,0.5361543348080058,0.5235109747231892,0.5190097431326414,0.5235109747231891,0.36759596140544104,0.37877530695778006,0.40116713159853745,0.4011671315985378,0.39147337969425333,0.39257981366501377,0.42801623909620434,0.42445087478443966,0.4501370312940255,0.48408089428011397,0.4900165483576855,0.4803985291915292,0.5816644774279088,0.580786500568104,0.6330936245520105,0.6094052561943676,0.7202324682611271
3,7576,230353856,-9.791976173896298,2.8428317924215074,7.269266,3.464966517516e+42,1.2073054068e+43,27.304538,0.17211386,0.8122376549775723,False,0.8320512411058942,False,0.7710846184684794,False,0.8514038568671474,False,0.832051241105895,False,0.8320512411058949,False,0.8514038568671483,False,0.77108461846848,False,0.8320512411058943,False,0.8122376549775723,False,0.9203590338678865,False,1.827395445817715,False,1.4552154060672844,False,1.7336195383808406,False,1.987519870105757,False,2.1828231091009282,False,2.6832846262349714,False,3.664805560438602,True,3.6099451332336585,True,3.664805560438602,True,3.4542949861515297,False,3.033750295364823,False,2.2417294223264754,False,2.2417294223264754,False,0.8514038568671474,False,0.8561736636943782,False,0.9203590338678865,False,0.9024862833084146,False,0.9203590338678865,False,1.91233414891427,False,1.7799811802847134,False,1.409728640343949,False,0.9024862833084152,False,0.8514038568671474,False,0.8561736636943764,False,0.8320512411058942,False,0.8122376549775723,False,0.3151782861246575,0.3220602306310238,0.3005260818128131,0.3286751808104668,0.32206023063102407,0.322060230631024,0.3286751808104671,0.3005260818128133,0.32206023063102385,0.3151782861246575,0.3514042661430819,0.5576107963791018,0.4900165483576855,0.5422489052135863,0.581664477427909,0.6077766776091976,0.6621116091706584,0.8141968694375925,0.8118075111017954,0.8141968694375925,0.7218295779538759,0.6921131917701568,0.6150408593422443,0.6150408593422443,0.3286751808104668,0.3302894611649,0.3514042661430819,0.3456371461550916,0.3514042661430819,0.5706927450680412,0.5499694117532244,0.4803985291915292,0.3456371461550919,0.3286751808104668,0.33028946116489943,0.3220602306310238,0.3151782861246575
4,9275,233549668,-6.452776925655164,10.874959713866398,7.273651,2.534082220079e+42,5.8932144653e+42,27.295249,0.022669446,0.9927349116392561,False,0.6381541708552239,False,0.5707824424629186,False,0.6507921139742808,False,0.5778731794602787,False,0.5778731794602797,False,0.6507921139742824,False,0.5707824424629181,False,0.6381541708552245,False,0.6317403983158911,False,0.5489609748216526,False,0.5707824424629181,False,0.6507921139742819,False,0.577873179460279,False,0.5778731794602787,False,0.5262354103729107,False,0.5707824424629179,False,0.5489609748216521,False,0.5414917699850479,False,0.5489609748216521,False,0.5707824424629167,False,0.6507921139742812,False,0.5778731794602798,False,0.5778731794602805,False,0.6507921139742834,False,0.9720074743588188,False,1.3805385508018306,False,1.8049725666168293,False,2.0180206782387473,False,2.1126662239331355,False,2.1828231091009287,False,2.2417294223264737,False,2.114592960515925,False,1.8583329960514903,False,1.7123473273887557,False,1.276308341710448,False,0.9927349116392561,False,0.37390058562673006,0.2498419627355819,0.22223032738716322,0.25488059648395217,0.22519427343515577,0.2251942734351562,0.2548805964839528,0.22223032738716297,0.24984196273558218,0.24726748684980512,0.2130275797266019,0.22223032738716297,0.2548805964839526,0.22519427343515594,0.22519427343515577,0.20331816118738408,0.22223032738716286,0.2130275797266017,0.2098501462936263,0.2130275797266017,0.2222303273871624,0.2548805964839523,0.22519427343515624,0.22519427343515652,0.25488059648395317,0.3675959614054412,0.4740458591273964,0.5540283961659506,0.5859621977867072,0.5987694035154009,0.6077766776091976,0.6150408593422441,0.5990221378326137,0.5624636059834799,0.5386209962648713,0.4501370312940258,0.37390058562673006
5,9435,233547538,-6.9040200673093715,6.362528297324324,7.28075,2.6449787486903994e+42,3.789367834799999e+42,27.43242,0.020695297,0.36099451332336674,False,0.3721046271751709,False,0.3721046271751709,False,0.3253960569871419,False,0.38289250251313606,False,0.38289250251313606,False,0.3253960569871432,False,0.3721046271751689,False,0.3721046271751689,False,0.36099451332336496,False,0.37210462717516873,False,0.37210462717516873,False,0.5262354103729093,False,0.5778731794602798,False,0.5778731794602793,False,0.6507921139742807,False,0.5707824424629179,False,0.5489609748216521,False,0.36099451332336585,False,0.37210462717516934,False,0.37210462717516934,False,0.4036041356477494,False,0.38289250251313295,False,0.38289250251313295,False,0.4512431416542066,False,0.37210462717516873,False,0.37210462717516873,False,0.36099451332336496,False,0.3721046271751689,False,0.3721046271751689,False,0.32539605698713947,False,0.38289250251313295,False,0.38289250251313295,False,0.3253960569871404,False,0.3721046271751703,False,0.3721046271751703,False,0.36099451332336674,False,0.12995088253276468,0.13496212594716894,0.13496212594716894,0.11393966024448501,0.13982832024827752,0.13982832024827752,0.11393966024448557,0.13496212594716805,0.13496212594716805,0.12995088253276388,0.13496212594716805,0.13496212594716805,0.20331816118738352,0.22519427343515624,0.22519427343515602,0.2548805964839521,0.22223032738716286,0.2130275797266017,0.12995088253276427,0.13496212594716828,0.13496212594716828,0.14916065291510394,0.1398283202482761,0.1398283202482761,0.1704865017256639,0.13496212594716805,0.13496212594716805,0.12995088253276388,0.13496212594716805,0.13496212594716805,0.11393966024448389,0.1398283202482761,0.1398283202482761,0.11393966024448435,0.13496212594716872,0.13496212594716872,0.12995088253276468
6,9544,230364892,-7.716257722286945,4.557555730707494,7.270007,1.987229253531e+43,4.7090740605e+43,25.932657,0.62674763,1.2634807966317805,False,1.2763083417104477,False,1.2570179368752397,False,1.3775855237822519,False,1.3416423131174857,False,1.3416423131174864,False,1.5342266816243053,False,1.5421692369369595,False,1.557932875591345,False,1.5342266816243066,False,1.5579328755913449,False,1.3416423131174875,False,1.2537740142108893,False,1.2826740088389064,False,1.2826740088389066,False,1.2537740142108895,False,1.2570179368752388,False,1.2763083417104486,False,1.2634807966317814,False,1.2763083417104482,False,1.2570179368752388,False,1.455215406067285,False,1.282674008838905,False,1.2826740088389046,False,1.2537740142108875,False,1.2570179368752392,False,1.2763083417104464,False,1.2634807966317796,False,1.2763083417104466,False,1.6269802849357045,False,1.6567445870008581,False,1.1557463589205603,False,1.282674008838905,False,1.2537740142108875,False,1.2570179368752397,False,1.2763083417104473,False,1.2634807966317805,False,0.44705551315074926,0.45013703129402577,0.4454909215337412,0.47339511595103456,0.4653527776102724,0.46535277761027255,0.505950256269809,0.5075001269528728,0.51054907901202,0.5059502562698094,0.51054907901202,0.4653527776102728,0.444702536920381,0.4516545371515694,0.45165453715156945,0.44470253692038103,0.445490921533741,0.450137031294026,0.4470555131507495,0.4501370312940259,0.445490921533741,0.49001654835768566,0.45165453715156906,0.45165453715156895,0.44470253692038053,0.4454909215337411,0.45013703129402544,0.44705551315074904,0.4501370312940255,0.5234926604490694,0.52887351468588,0.41987621999178576,0.45165453715156906,0.44470253692038053,0.4454909215337412,0.4501370312940257,0.44705551315074926
7,9771,230364770,-7.806506350617786,4.647804359038337,7.27556,3.1837798766768e+42,4.561289221600001e+42,27.08444,0.035841088,1.353729424962622,False,1.38053855080183,False,1.3416423131174866,False,1.4552154060672864,False,1.3416423131174857,False,1.3416423131174864,False,1.4552154060672844,False,1.5421692369369595,False,1.4691412296418502,False,1.4439780532934643,False,1.38053855080183,False,1.2570179368752394,False,1.1766981497613245,False,1.1557463589205597,False,1.1557463589205603,False,1.176698149761324,False,1.141564884925836,False,1.1870353745354512,False,1.17323216830094,False,1.187035374535451,False,1.2570179368752397,False,1.2537740142108873,False,1.4097286403439493,False,1.2826740088389057,False,1.3325050287336422,False,1.3416423131174866,False,1.2763083417104486,False,1.353729424962622,False,1.3805385508018297,False,1.341642313117487,False,1.7799811802847134,False,1.2826740088389068,False,1.3416423131174857,False,1.332505028733641,False,1.3416423131174866,False,1.3805385508018297,False,1.353729424962622,False,0.4680826210744252,0.4740458591273962,0.4653527776102726,0.49001654835768593,0.4653527776102724,0.46535277761027255,0.4900165483576855,0.5075001269528728,0.4928946524844634,0.48767163327379953,0.4740458591273962,0.44549092153374115,0.4253499135739783,0.4198762199917856,0.41987621999178576,0.4253499135739782,0.41611765708418647,0.42801623909620506,0.42445087478444027,0.428016239096205,0.4454909215337412,0.4447025369203805,0.48039852919152926,0.4516545371515692,0.4632718389191391,0.4653527776102726,0.450137031294026,0.4680826210744252,0.47404585912739616,0.4653527776102727,0.5499694117532244,0.45165453715156945,0.4653527776102724,0.46327183891913887,0.4653527776102726,0.47404585912739616,0.4680826210744252
8,10594,230745956,-10.42371657221219,-5.008798872361701,7.263219,3.2195259681958005e+42,4.612501387100001e+42,27.414644,0.035578642,2.6172102215944033,False,3.2047794945314942,False,3.4542949861515306,False,3.5599623605694286,False,3.397234571736677,False,3.0737575216815816,False,2.2616241436179836,False,1.9123341489142711,False,1.5579328755913442,False,1.6244753099551459,False,1.557932875591344,False,1.4269561061572955,False,0.9291664980257451,False,1.40972864034395,False,1.4097286403439493,False,1.4552154060672855,False,2.9686174793458013,False,2.478142539556827,False,2.4367129649327186,False,2.3894591973571013,False,2.028085681714944,False,1.8583329960514878,False,1.5368787608407901,False,1.6641024822117905,False,1.534226681624304,False,1.3416423131174862,False,1.2763083417104475,False,1.2634807966317805,False,1.1870353745354505,False,1.141564884925836,False,1.0524708207458187,False,1.0867373936521012,False,1.0867373936521019,False,1.0524708207458202,False,0.9720074743588205,False,2.2849127687722683,False,2.6172102215944033,False,0.6557998607356259,0.7049235876639803,0.7218295779538759,0.728424746059076,0.7181346685506608,0.6952071647367475,0.6174353348810943,0.5706927450680415,0.5105490790120198,0.5230344657069756,0.5105490790120198,0.48408089428011397,0.35421486615023917,0.4803985291915294,0.48039852919152926,0.4900165483576857,0.6869414140158078,0.6417295256844116,0.6373174105091955,0.6321534346831543,0.5873616986605027,0.5624636059834797,0.506468794072942,0.5301858852599326,0.5059502562698088,0.4653527776102725,0.4501370312940257,0.44705551315074926,0.4280162390962049,0.41611765708418647,0.39147337969425366,0.40116713159853795,0.4011671315985381,0.3914733796942541,0.3675959614054417,0.6202016401318032,0.6557998607356259
9,11800,233366024,-5.008798872361701,6.001533784000959,7.286732,3.58526024776e+42,8.702087979999999e+42,26.536211,0.09793465,1.985469823278513,False,2.7448048741082656,False,6.253259662750919,False,8.328339799818188,False,3.7786056352898147,False,3.3972345717366754,False,3.235133253290179,False,2.8837225991460977,False,2.4781425395568304,False,2.0757184516093528,False,1.187035374535448,False,0.9720074743588188,False,0.5262354103729093,False,0.5778731794602798,False,0.5778731794602793,False,0.5262354103729098,False,0.5707824424629181,False,0.548960974821653,False,0.6317403983158894,False,0.7276077030336426,False,1.0563331119665684,False,1.1308120718089913,False,1.1557463589205597,False,1.1557463589205597,False,0.9291664980257439,False,0.9720074743588188,False,0.9203590338678864,False,0.9024862833084146,False,0.9203590338678866,False,0.9720074743588188,False,0.9291664980257439,False,1.0867373936521012,False,0.9024862833084158,False,0.9291664980257447,False,0.8561736636943772,False,0.8320512411058951,False,1.985469823278513,False,0.5813725164180338,0.6677871778615633,0.8309581749783348,0.8691303547311254,0.7411330864370652,0.7181346685506607,0.7070879067213681,0.67993776748374,0.6417295256844119,0.5938623233482128,0.4280162390962043,0.3675959614054412,0.20331816118738352,0.22519427343515624,0.22519427343515602,0.20331816118738372,0.22223032738716297,0.21302757972660205,0.2472674868498044,0.2845144902048804,0.3925798136650142,0.4132385078547306,0.4198762199917856,0.4198762199917856,0.3542148661502387,0.3675959614054412,0.35140426614308184,0.3456371461550916,0.3514042661430819,0.3675959614054412,0.3542148661502387,0.40116713159853795,0.3456371461550921,0.354214866150239,0.3302894611648997,0.32206023063102407,0.5813725164180338
10,12785,230743458,-8.528495377264518,-4.016063960722445,7.277132,7.117809440269e+42,3.8063152087e+43,25.871577,0.22664349,1.353729424962622,False,1.3805385508018297,False,1.4269561061572953,False,1.4552154060672855,False,1.3416423131174857,False,1.3416423131174864,False,1.4552154060672864,False,1.6269802849357045,False,1.38053855080183,False,1.353729424962622,False,1.38053855080183,False,1.3416423131174873,False,1.3325050287336413,False,1.2826740088389057,False,1.2826740088389057,False,1.5787062311187292,False,1.7123473273887546,False,2.389459197357105,False,2.4367129649327186,False,4.496157317144844,False,4.425864872769397,False,3.9627267326013835,False,3.328204964423581,False,2.9465866184498726,False,1.5787062311187274,False,1.4269561061572955,False,1.4691412296418496,False,2.165967079940195,False,1.2763083417104475,False,1.2570179368752377,False,1.2537740142108882,False,1.2826740088389057,False,1.282674008838905,False,1.2537740142108886,False,1.3416423131174857,False,1.3805385508018295,False,1.353729424962622,False,0.4680826210744252,0.47404585912739616,0.4840808942801139,0.4900165483576857,0.4653527776102724,0.46535277761027255,0.49001654835768593,0.5234926604490694,0.4740458591273962,0.4680826210744252,0.4740458591273962,0.46535277761027277,0.4632718389191389,0.4516545371515692,0.4516545371515692,0.5145128070598128,0.5386209962648711,0.6321534346831548,0.6373174105091955,0.7756424163299613,0.7726710734177024,0.7509545114410096,0.7135328458191593,0.6851531042027499,0.5145128070598125,0.48408089428011397,0.4928946524844633,0.6056486728723826,0.4501370312940257,0.4454909215337407,0.44470253692038064,0.4516545371515692,0.45165453715156906,0.44470253692038075,0.4653527776102724,0.4740458591273961,0.4680826210744252
11,13120,227611329,-10.694462457204711,-12.048191882167334,7.285689,9.556679941937002e+42,2.2173271327000008e+43,25.764609,0.17136298,0.5414917699850488,False,0.5489609748216526,False,0.48600373717941026,False,0.5262354103729087,False,0.5778731794602794,False,0.577873179460279,False,0.5262354103729081,False,0.4860037371794086,False,0.4601795169339422,False,0.4512431416542064,False,0.46017951693394255,False,0.48600373717940926,False,0.45124314165420537,False,0.45124314165420537,False,0.4512431416542057,False,0.4036041356477498,False,0.4860037371794086,False,0.4601795169339422,False,0.4512431416542064,False,0.46017951693394255,False,0.48600373717940926,False,0.526235410372909,False,0.45124314165420787,False,0.4512431416542082,False,0.4512431416542082,False,0.4860037371794109,False,0.4601795169339443,False,0.4512431416542082,False,0.460179516933944,False,0.48600373717941026,False,0.4512431416542082,False,0.4512431416542082,False,0.45124314165420787,False,0.5262354103729106,False,0.4860037371794109,False,0.548960974821653,False,0.5414917699850488,False,0.20985014629362675,0.2130275797266019,0.1858417654251652,0.20331816118738322,0.22519427343515608,0.22519427343515594,0.203318161187383,0.1858417654251645,0.17445380197730828,0.1704865017256638,0.17445380197730845,0.18584176542516478,0.17048650172566332,0.17048650172566332,0.1704865017256635,0.1491606529151041,0.1858417654251645,0.17445380197730828,0.1704865017256638,0.17445380197730845,0.18584176542516478,0.20331816118738336,0.17048650172566443,0.17048650172566457,0.17048650172566457,0.18584176542516548,0.17445380197730923,0.17048650172566457,0.17445380197730911,0.1858417654251652,0.17048650172566457,0.17048650172566457,0.17048650172566443,0.20331816118738402,0.18584176542516548,0.21302757972660205,0.20985014629362675
12,13995,233367263,-4.106312589053286,7.445511837294423,7.278803,4.691272144299001e+42,2.7759006770999997e+43,26.151025,0.14084241,6.588149868151426,False,5.222737323697117,False,6.708211565587431,False,2.104941641491637,False,1.791384123170057,False,1.6641024822117905,False,1.5342266816243046,False,1.5421692369369595,False,1.3805385508018297,False,1.1732321683009372,False,1.0979219496433028,False,1.1415648849258337,False,1.1308120718089925,False,1.0867373936521008,False,1.0867373936521008,False,1.1308120718089913,False,1.141564884925835,False,1.0979219496433044,False,1.0829835399700967,False,1.097921949643305,False,1.3416423131174857,False,1.4552154060672864,False,1.5368787608407914,False,2.819457280687899,False,2.708962576144995,False,2.5140358737504784,False,2.2849127687722675,False,1.6244753099551463,False,1.8251655542661684,False,1.8273954458177168,False,1.7799811802847159,False,1.73361953838084,False,1.791384123170058,False,2.104941641491639,False,2.313253855405438,False,4.124865859477735,False,6.588149868151426,False,0.8385537997839351,0.8023652555275352,0.841113770458909,0.5977530376576637,0.5518301866907712,0.5301858852599326,0.5059502562698089,0.5075001269528728,0.47404585912739616,0.42445087478443966,0.40427209779847784,0.4161176570841859,0.4132385078547309,0.4011671315985378,0.4011671315985378,0.4132385078547306,0.41611765708418624,0.4042720977984783,0.40011856459721706,0.40427209779847845,0.4653527776102724,0.49001654835768593,0.5064687940729422,0.6744273353798862,0.664503546734701,0.6454678964258855,0.6202016401318031,0.5230344657069758,0.5572570165458072,0.5576107963791022,0.5499694117532249,0.5422489052135862,0.5518301866907714,0.597753037657664,0.6235158755267552,0.7590106479206101,0.8385537997839351
13,13998,233367277,-4.106312589053286,7.445511837294423,7.281847,9.960072336864e+42,1.4188137232e+43,26.558841,0.030706317,6.588149868151426,False,5.222737323697117,False,6.708211565587431,False,2.104941641491637,False,1.791384123170057,False,1.6641024822117905,False,1.5342266816243046,False,1.5421692369369595,False,1.3805385508018297,False,1.1732321683009372,False,1.0979219496433028,False,1.1415648849258337,False,1.1308120718089925,False,1.0867373936521008,False,1.0867373936521008,False,1.1308120718089913,False,1.141564884925835,False,1.0979219496433044,False,1.0829835399700967,False,1.097921949643305,False,1.3416423131174857,False,1.4552154060672864,False,1.5368787608407914,False,2.819457280687899,False,2.708962576144995,False,2.5140358737504784,False,2.2849127687722675,False,1.6244753099551463,False,1.8251655542661684,False,1.8273954458177168,False,1.7799811802847159,False,1.73361953838084,False,1.791384123170058,False,2.104941641491639,False,2.313253855405438,False,4.124865859477735,False,6.588149868151426,False,0.8385537997839351,0.8023652555275352,0.841113770458909,0.5977530376576637,0.5518301866907712,0.5301858852599326,0.5059502562698089,0.5075001269528728,0.47404585912739616,0.42445087478443966,0.40427209779847784,0.4161176570841859,0.4132385078547309,0.4011671315985378,0.4011671315985378,0.4132385078547306,0.41611765708418624,0.4042720977984783,0.40011856459721706,0.40427209779847845,0.4653527776102724,0.49001654835768593,0.5064687940729422,0.6744273353798862,0.664503546734701,0.6454678964258855,0.6202016401318031,0.5230344657069758,0.5572570165458072,0.5576107963791022,0.5499694117532249,0.5422489052135862,0.5518301866907714,0.597753037657664,0.6235158755267552,0.7590106479206101,0.8385537997839351
14,13999,233367294,-4.106312589053286,7.535760465625265,7.281028,1.2341428151512e+43,3.3086938743999996e+43,25.86013,0.23745445,6.497901239820586,False,5.222737323697117,False,6.708211565587431,False,1.9037969002604405,False,1.6641024822117891,False,1.5368787608407892,False,1.4552154060672842,False,1.4269561061572953,False,1.2763083417104466,False,1.0829835399700949,False,1.0090103391193708,False,1.0563331119665653,False,1.0524708207458193,False,1.0867373936521008,False,1.0867373936521008,False,1.0524708207458173,False,1.0563331119665684,False,1.0979219496433044,False,1.0829835399700967,False,1.097921949643305,False,1.1415648849258364,False,1.4552154060672864,False,1.5368787608407914,False,2.9465866184498735,False,2.708962576144995,False,2.598471005231932,False,2.389459197357104,False,1.7147239382859887,False,1.9292953160230433,False,1.9123341489142716,False,1.8583329960514923,False,1.791384123170058,False,1.9875198701057581,False,2.1828231091009287,False,3.2539605698714107,False,4.3026926805379775,False,6.497901239820586,False,0.8365746907868074,0.8023652555275352,0.841113770458909,0.5694116976178403,0.5301858852599324,0.5064687940729418,0.49001654835768543,0.4840808942801139,0.4501370312940255,0.4001185645972165,0.37877530695777895,0.3925798136650133,0.3914733796942539,0.4011671315985378,0.4011671315985378,0.39147337969425333,0.3925798136650142,0.4042720977984783,0.40011856459721706,0.40427209779847845,0.4161176570841866,0.49001654835768593,0.5064687940729422,0.68515310420275,0.664503546734701,0.653967448855544,0.6321534346831547,0.5390290463404671,0.5732161286270394,0.5706927450680416,0.5624636059834803,0.5518301866907714,0.5816644774279092,0.6077766776091976,0.7084146602940927,0.7672714363627118,0.8365746907868074
15,16686,233152609,-1.5793509957897256,10.96520834219724,7.265768,5.881250686324998e+42,2.7354654354999993e+43,25.834309,0.15780092,4.9636745581962805,False,5.400609429754918,False,2.5140358737504784,False,2.3062012357740445,False,2.3689190524049724,False,2.1145929605159224,False,1.9813633663006915,False,1.8273954458177155,False,1.735967026982768,False,1.6244753099551446,False,1.3805385508018286,False,1.2570179368752363,False,1.253774014210889,False,1.2826740088389057,False,1.1557463589205585,False,1.1766981497613225,False,1.1415648849258353,False,1.0979219496433055,False,1.082983539970097,False,1.0979219496433055,False,1.0563331119665673,False,1.0524708207458195,False,1.0867373936520994,False,1.0867373936520994,False,1.0524708207458178,False,1.056333111966569,False,1.2763083417104473,False,1.3537294249626228,False,4.496157317144845,False,4.510626082836476,False,4.768681499570992,False,3.7786056352898147,False,3.905795480681973,False,3.962726732601385,False,4.14063224608689,False,4.5849500866595445,False,4.9636745581962805,False,0.7935959801952864,0.8079688036839422,0.6454678964258855,0.6226964235175938,0.6298636656409422,0.5990221378326134,0.580786500568104,0.5576107963791019,0.5426459192301559,0.5230344657069754,0.4740458591273959,0.44549092153374037,0.44470253692038086,0.4516545371515692,0.4198762199917853,0.4253499135739778,0.4161176570841863,0.40427209779847856,0.4001185645972172,0.40427209779847856,0.3925798136650139,0.3914733796942539,0.40116713159853745,0.40116713159853745,0.39147337969425344,0.3925798136650144,0.4501370312940257,0.46808262107442544,0.7756424163299614,0.7762444725721104,0.7864672570557737,0.7411330864370652,0.7479975523230625,0.7509545114410097,0.7597665095404772,0.779287209144508,0.7935959801952864
16,18285,230376251,-5.369793385685067,-3.74531807572992,7.27856,7.244069637880002e+42,6.139042066000002e+42,26.983771,0.029094782,0.8122376549775732,False,0.7276077030336425,False,0.7710846184684794,False,0.8072082712954991,False,0.8320512411058965,False,0.8320512411058956,False,0.9291664980257439,False,0.8561736636943763,False,0.8320512411058946,False,0.9024862833084146,False,0.9203590338678865,False,0.9720074743588188,False,1.0524708207458187,False,1.0867373936521,False,1.0867373936521016,False,1.2537740142108875,False,1.257017936875238,False,1.1870353745354492,False,1.2634807966317805,False,1.2763083417104473,False,1.341642313117486,False,1.37758552378225,False,1.4097286403439495,False,1.536878760840791,False,1.455215406067285,False,1.3416423131174862,False,1.38053855080183,False,1.3537294249626224,False,1.3805385508018302,False,0.9720074743588192,False,1.0524708207458195,False,0.9593560785561409,False,0.9024862833084143,False,0.8072082712954998,False,0.7710846184684794,False,0.8320512411058951,False,0.8122376549775732,False,0.3151782861246578,0.2845144902048804,0.3005260818128131,0.31341365604317295,0.3220602306310245,0.32206023063102424,0.3542148661502387,0.33028946116489943,0.32206023063102396,0.3456371461550916,0.3514042661430819,0.3675959614054412,0.39147337969425366,0.4011671315985376,0.40116713159853806,0.44470253692038053,0.4454909215337408,0.42801623909620456,0.44705551315074926,0.4501370312940257,0.46535277761027244,0.4733951159510342,0.4803985291915293,0.5064687940729421,0.49001654835768566,0.4653527776102725,0.4740458591273962,0.46808262107442533,0.4740458591273963,0.36759596140544126,0.3914733796942539,0.363693949910338,0.34563714615509156,0.3134136560431732,0.3005260818128131,0.32206023063102407,0.3151782861246578
17,18289,230376306,-5.460042014015908,-3.8355667040607617,7.277392,5.271254255295e+42,7.171774497e+42,28.197477,0.0402941,0.9024862833084146,False,0.8320512411058951,False,0.856173663694377,False,0.9291664980257442,False,0.9024862833084153,False,0.9593560785561402,False,1.0090103391193737,False,0.972007474358818,False,1.0090103391193745,False,0.9927349116392561,False,1.0090103391193743,False,1.0563331119665686,False,1.0090103391193737,False,1.0867373936521016,False,1.1557463589205594,False,1.1766981497613236,False,1.1415648849258355,False,1.0979219496433048,False,1.173232168300939,False,1.18703537453545,False,1.2570179368752386,False,1.2537740142108873,False,1.282674008838906,False,1.3416423131174855,False,1.3325050287336413,False,1.2570179368752392,False,1.2763083417104477,False,1.263480796631781,False,1.2763083417104477,False,1.2570179368752392,False,0.9291664980257451,False,0.9593560785561409,False,0.9593560785561409,False,0.9291664980257445,False,0.8561736636943773,False,0.8320512411058953,False,0.9024862833084146,False,0.3456371461550916,0.32206023063102407,0.33028946116489966,0.3542148661502389,0.3456371461550919,0.3636939499103378,0.3787753069577798,0.3675959614054409,0.37877530695778006,0.37390058562673006,0.37877530695778,0.39257981366501427,0.3787753069577798,0.40116713159853806,0.41987621999178554,0.4253499135739781,0.41611765708418635,0.4042720977984784,0.42445087478444005,0.4280162390962048,0.4454909215337409,0.4447025369203805,0.4516545371515693,0.46535277761027233,0.4632718389191389,0.4454909215337411,0.45013703129402577,0.4470555131507494,0.45013703129402577,0.4454909215337411,0.35421486615023917,0.363693949910338,0.363693949910338,0.3542148661502389,0.3302894611648997,0.3220602306310241,0.3456371461550916
18,19435,233151702,-0.5866160841504686,11.326202855520604,7.285024,5.787441721404001e+42,1.5515929548000005e+43,26.153302,0.11031821,3.519696504902816,False,4.5849500866595445,False,1.4269561061572955,False,1.4552154060672862,False,1.2826740088389057,False,1.3416423131174864,False,1.4552154060672855,False,1.3416423131174857,False,1.2763083417104473,False,1.3537294249626228,False,1.3805385508018306,False,1.5421692369369606,False,1.578706231118728,False,1.6641024822117902,False,1.5368787608407917,False,1.6567445870008595,False,1.8273954458177157,False,1.929295316023043,False,2.075718451609354,False,2.106875442213209,False,2.1126662239331364,False,2.182823109100927,False,1.9875198701057555,False,2.1145929605159224,False,1.9813633663006915,False,2.799162722816525,False,5.133869989284523,False,4.692928673203753,False,4.5849500866595445,False,5.166290591751089,False,3.2351332532901793,False,2.946586618449872,False,3.5243216008598726,False,3.235133253290178,False,3.654790891635431,False,4.036041356477497,False,3.519696504902816,False,0.7259484168082254,0.779287209144508,0.48408089428011397,0.4900165483576859,0.4516545371515692,0.46535277761027255,0.4900165483576857,0.4653527776102724,0.4501370312940257,0.46808262107442544,0.4740458591273964,0.507500126952873,0.5145128070598126,0.5301858852599326,0.5064687940729422,0.5288735146858802,0.557610796379102,0.5732161286270394,0.593862323348213,0.5980079474984006,0.5987694035154009,0.6077766776091974,0.5816644774279088,0.5990221378326134,0.580786500568104,0.6726481727163843,0.7994419019308462,0.7835639538956728,0.779287209144508,0.8005183208960922,0.7070879067213682,0.6851531042027499,0.7262351281627698,0.7070879067213681,0.7340851620358372,0.7546624816192052,0.7259484168082254
19,19626,233165308,-0.5866160841504686,10.42371657221219,7.265242,2.8736172686052e+42,4.0934718926e+42,27.327366,0.01559867,3.9709396465570235,False,3.9472814611501508,False,4.795931329955609,False,5.697826976451205,False,4.806957448901805,True,1.9875198701057584,False,1.9037969002604462,False,2.197697714643631,False,2.195843899286611,False,2.2562157082710375,False,2.2849127687722683,False,2.397965664977805,False,2.3062012357740462,False,2.241729422326474,False,2.3689190524049737,False,2.3062012357740453,False,2.1976977146436303,False,2.1068754422132097,False,1.8952211949476716,False,1.6468829244649583,False,1.4269561061572948,False,1.4552154060672835,False,1.2826740088389057,False,1.3416423131174864,False,1.9037969002604418,False,4.024926939352454,False,4.2137508844264175,False,3.7904423898953388,False,3.7537354467230597,False,3.6547908916354293,False,2.9104308121345692,False,2.4961537233176867,False,2.438383663082329,False,2.7874994940772333,False,3.4542949861515297,False,2.9382824592836987,False,3.9709396465570235,False,0.7513754103677341,0.7501591239881212,0.787492778832536,0.8166577119169016,0.853068107128119,0.5816644774279092,0.5694116976178412,0.6096360524030023,0.6094052561943674,0.6167872695826516,0.6202016401318032,0.6330936245520105,0.622696423517594,0.6150408593422441,0.6298636656409423,0.6226964235175939,0.6096360524030022,0.5980079474984006,0.5681174335812332,0.5271035708715666,0.4840808942801138,0.4900165483576853,0.4516545371515692,0.46535277761027255,0.5694116976178404,0.7541074193796367,0.7632112479062986,0.7417875254133909,0.7397472759670418,0.7340851620358371,0.6821741912388951,0.6436150347557452,0.6374973916303779,0.6716170085653513,0.7218295779538759,0.6844737947748859,0.7513754103677341
20,19766,233173929,-0.5866160841504686,8.979738518918726,7.271,2.2205839542039998e+42,2.8838752651999994e+43,26.396979,0.19898067,2.165967079940194,False,2.9382824592836987,False,3.0843384738739172,False,4.411118093336935,False,6.343778881547772,False,5.893173236899744,True,5.216495627623407,False,3.369550710754196,False,3.664805560438602,False,3.700193761564501,False,3.8427268237515713,False,3.5393114217585158,False,3.436565382415652,False,3.2701899003239334,False,2.692375396352179,False,1.009010339119374,False,0.9720074743588202,False,1.0090103391193757,False,0.992734911639257,False,1.009010339119375,False,1.0563331119665695,False,5.6978269764512035,False,6.020334407191405,False,3.651446564970452,False,2.708962576144992,False,2.7991627228165257,False,2.5669349946422617,False,2.3464643366018754,False,2.3894591973571004,False,2.3132538554054376,False,2.306201235774043,False,3.3972345717366754,False,1.8605231358758492,False,1.6567445870008595,False,1.7123473273887535,False,1.929295316023043,False,2.165967079940194,False,0.6056486728723824,0.6844737947748859,0.6960152131780328,0.7720377580180517,0.8330806223104098,0.8774707836215027,0.8021627033891282,0.7163068140629815,0.734669331051125,0.736713357385019,0.7446394441053023,0.7271602845226173,0.7206918150796392,0.7095488390753901,0.6629622500011311,0.3787753069577799,0.3675959614054416,0.3787753069577804,0.37390058562673034,0.3787753069577802,0.3925798136650145,0.8166577119169015,0.8252409906354549,0.7338895149920719,0.6645035467347007,0.6726481727163844,0.6508401066785572,0.6273283757040458,0.6321534346831543,0.6235158755267552,0.6226964235175937,0.7181346685506607,0.5628032652859475,0.5288735146858802,0.5386209962648709,0.5732161286270394,0.6056486728723824
21,23700,233567356,-0.1353729424962613,2.5720859074289826,7.281169,7.692483839274e+42,1.0957954187e+43,26.89197,0.070173779,0.992734911639257,False,0.9203590338678864,False,0.9720074743588185,False,0.9291664980257439,False,0.95935607855614,False,1.086737393652101,False,1.052470820745819,False,1.1415648849258355,False,1.1870353745354505,False,1.2634807966317818,False,1.2763083417104486,False,1.341642313117487,False,1.4552154060672864,False,1.5368787608407917,False,1.3416423131174864,False,1.3775855237822512,False,1.4269561061572953,False,1.4691412296418502,False,1.4439780532934643,False,1.4691412296418502,False,1.4269561061572953,False,1.3775855237822512,False,1.409728640343949,False,1.5368787608407917,False,1.3775855237822512,False,2.5984710052319304,False,2.9382824592836987,False,1.353729424962622,False,2.566934994642263,False,1.3416423131174848,False,1.3775855237822512,False,1.2826740088389057,False,1.1557463589205599,False,1.052470820745819,False,0.9720074743588185,False,1.0090103391193752,False,0.992734911639257,False,0.37390058562673034,0.35140426614308184,0.36759596140544104,0.3542148661502387,0.3636939499103377,0.4011671315985379,0.3914733796942538,0.41611765708418635,0.4280162390962049,0.4470555131507496,0.450137031294026,0.4653527776102727,0.49001654835768593,0.5064687940729422,0.46535277761027255,0.4733951159510344,0.4840808942801139,0.4928946524844634,0.48767163327379953,0.4928946524844634,0.4840808942801139,0.4733951159510344,0.4803985291915292,0.5064687940729422,0.4733951159510344,0.6539674488555439,0.6844737947748859,0.4680826210744252,0.6508401066785573,0.4653527776102722,0.4733951159510344,0.4516545371515692,0.41987621999178565,0.3914733796942538,0.36759596140544104,0.3787753069577802,0.37390058562673034
22,24577,230387094,-1.3086051107972008,-1.759848252451408,7.266567,3.58189350959316e+42,1.925749198706e+43,25.891286,0.10979075,1.6244753099551468,False,1.2763083417104486,False,1.2570179368752392,False,1.1308120718089922,False,1.0867373936521028,False,1.0867373936521028,False,0.9291664980257459,False,0.7710846184684799,False,0.7276077030336431,False,0.7219890266467321,False,0.6381541708552231,False,0.6570199316053603,False,0.7276077030336418,False,0.7048643201719753,False,0.7048643201719736,False,0.6507921139742815,False,0.7710846184684799,False,0.7276077030336431,False,0.8122376549775723,False,0.9203590338678864,False,1.056333111966567,False,1.3775855237822512,False,1.5368787608407901,False,1.6641024822117896,False,1.6567445870008575,False,1.7123473273887544,False,1.6468829244649588,False,1.714723938285987,False,1.735967026982768,False,1.8273954458177146,False,1.9037969002604436,False,1.733619538380839,False,1.7913841231700574,False,1.7799811802847134,False,1.626980284935704,False,1.6468829244649588,False,1.6244753099551468,False,0.5230344657069759,0.450137031294026,0.4454909215337411,0.4132385078547308,0.4011671315985384,0.4011671315985384,0.3542148661502394,0.30052608181281326,0.28451449020488057,0.28240510263973945,0.24984196273558162,0.257346781208569,0.28451449020488007,0.27591928709023744,0.27591928709023683,0.2548805964839524,0.30052608181281326,0.28451449020488057,0.3151782861246575,0.35140426614308184,0.3925798136650138,0.4733951159510344,0.506468794072942,0.5301858852599325,0.5288735146858798,0.538620996264871,0.5271035708715667,0.5390290463404668,0.5426459192301559,0.5576107963791017,0.5694116976178407,0.542248905213586,0.5518301866907712,0.5499694117532244,0.5234926604490694,0.5271035708715667,0.5230344657069759
23,27570,230388140,-0.1353729424962613,-2.120842765774773,7.267271,3.266252754243e+42,2.6554900441e+43,25.859571,0.10055262,0.36099451332336496,False,0.460179516933943,False,0.48600373717940926,False,0.5262354103729096,False,0.5778731794602793,False,0.5778731794602793,False,0.6507921139742803,False,0.5707824424629167,False,0.5489609748216516,False,0.7219890266467321,False,0.9203590338678864,False,1.1415648849258355,False,1.3775855237822512,False,1.409728640343949,False,1.6641024822117896,False,1.7799811802847134,False,1.9123341489142693,False,2.0180206782387486,False,2.165967079940194,False,2.389459197357104,False,2.3979656649778045,False,2.2616241436179814,False,1.9875198701057575,False,1.733619538380839,False,1.534226681624305,False,1.341642313117487,False,1.1870353745354505,False,0.9024862833084146,False,0.8320512411058965,False,0.7710846184684799,False,0.6507921139742822,False,0.5778731794602793,False,0.45124314165420687,False,0.4036041356477488,False,0.3721046271751691,False,0.3721046271751691,False,0.36099451332336496,False,0.12995088253276388,0.17445380197730864,0.18584176542516478,0.2033181611873836,0.22519427343515602,0.22519427343515602,0.25488059648395195,0.2222303273871624,0.2130275797266015,0.28240510263973945,0.35140426614308184,0.41611765708418635,0.4733951159510344,0.4803985291915292,0.5301858852599325,0.5499694117532244,0.5706927450680412,0.5859621977867074,0.6056486728723824,0.6321534346831547,0.6330936245520105,0.6174353348810939,0.5816644774279092,0.542248905213586,0.505950256269809,0.4653527776102727,0.4280162390962049,0.3456371461550916,0.3220602306310245,0.30052608181281326,0.25488059648395267,0.22519427343515602,0.17048650172566396,0.14916065291510364,0.13496212594716817,0.13496212594716817,0.12995088253276388
24,27635,230387346,-1.037859225804676,-2.3013400224364555,7.280229,2.876745405759999e+42,9.919811743999996e+42,26.552363,0.022639238,1.2634807966317796,False,1.2763083417104464,False,1.4269561061572953,False,1.37758552378225,False,1.2826740088389057,False,1.282674008838904,False,1.3775855237822494,False,1.4269561061572953,False,1.3805385508018297,False,1.2634807966317796,False,1.2763083417104464,False,1.2570179368752372,False,1.2537740142108873,False,1.282674008838904,False,1.2826740088389057,False,1.2537740142108873,False,1.2570179368752392,False,1.2763083417104464,False,1.353729424962622,False,1.4691412296418502,False,1.5421692369369597,False,1.534226681624305,False,1.409728640343949,False,1.3416423131174864,False,1.253774014210889,False,1.2570179368752392,False,1.1870353745354505,False,1.1732321683009395,False,1.1870353745354505,False,1.1415648849258375,False,1.253774014210889,False,1.2826740088389057,False,1.1557463589205599,False,1.2537740142108882,False,1.2570179368752392,False,1.2763083417104468,False,1.2634807966317796,False,0.44705551315074904,0.45013703129402544,0.4840808942801139,0.4733951159510342,0.4516545371515692,0.45165453715156884,0.473395115951034,0.4840808942801139,0.47404585912739616,0.44705551315074904,0.45013703129402544,0.44549092153374065,0.4447025369203805,0.45165453715156884,0.4516545371515692,0.4447025369203805,0.4454909215337411,0.45013703129402544,0.4680826210744252,0.4928946524844634,0.5075001269528729,0.505950256269809,0.4803985291915292,0.46535277761027255,0.44470253692038086,0.4454909215337411,0.4280162390962049,0.4244508747844402,0.4280162390962049,0.4161176570841869,0.44470253692038086,0.4516545371515692,0.41987621999178565,0.44470253692038064,0.4454909215337411,0.4501370312940256,0.44705551315074904
25,31717,227427045,-1.2183564824663584,-9.069987147249568,7.268382,3.457706831725999e+42,3.2619875770999997e+43,25.608771,0.24097359,0.9024862833084146,False,0.9203590338678865,False,0.856173663694376,False,0.8514038568671483,False,0.902486283308415,False,0.9024862833084137,False,0.9291664980257455,False,0.8561736636943781,False,0.9203590338678864,False,0.9024862833084146,False,0.9203590338678864,False,0.8561736636943781,False,0.9291664980257455,False,0.9024862833084152,False,0.902486283308415,False,0.9291664980257464,False,0.9720074743588188,False,0.9203590338678865,False,0.9024862833084146,False,0.9203590338678865,False,0.9720074743588188,False,0.9291664980257454,False,0.902486283308415,False,0.9024862833084152,False,1.2537740142108875,False,2.2289766931296073,False,2.4781425395568286,False,2.4367129649327204,False,2.5669349946422626,False,2.6832846262349714,False,2.832426996740496,False,2.8194572806878986,False,2.623426881710374,False,1.3325050287336422,False,1.257017936875239,False,0.9203590338678865,False,0.9024862833084146,False,0.3456371461550916,0.3514042661430819,0.33028946116489927,0.3286751808104671,0.3456371461550918,0.34563714615509133,0.3542148661502392,0.3302894611649,0.35140426614308184,0.3456371461550916,0.35140426614308184,0.3302894611649,0.3542148661502392,0.3456371461550919,0.3456371461550918,0.35421486615023956,0.3675959614054412,0.3514042661430819,0.3456371461550916,0.3514042661430819,0.3675959614054412,0.3542148661502392,0.3456371461550918,0.3456371461550919,0.44470253692038053,0.6134905490355038,0.6417295256844118,0.6373174105091958,0.6508401066785573,0.6621116091706584,0.6755544158597778,0.6744273353798861,0.656403555081842,0.4632718389191391,0.44549092153374104,0.3514042661430819,0.3456371461550916
26,34353,230401301,2.3013400224364577,-2.752583164090663,7.264817,2.4763698570869994e+42,8.628466400999998e+42,28.05001,0.0713033,0.27074588499252483,False,0.28539122123145905,False,0.28539122123145905,False,0.28539122123145905,False,0.3828925025131332,False,0.3828925025131332,False,0.32539605698713925,False,0.3721046271751691,False,0.3721046271751691,False,0.36099451332336496,False,0.3721046271751686,False,0.3721046271751686,False,0.45124314165420687,False,0.3828925025131332,False,0.3828925025131332,False,0.45124314165420554,False,0.3721046271751686,False,0.3721046271751686,False,0.4512431416542073,False,0.7276077030336431,False,0.7710846184684799,False,0.7276077030336429,False,0.7048643201719736,False,0.7048643201719753,False,1.052470820745819,False,1.5421692369369593,False,0.460179516933943,False,0.27074588499252483,False,0.28539122123145977,False,0.20180206782387689,False,0.12763083417104598,False,0.12763083417104598,False,0.12763083417104598,False,0.12763083417104598,False,0.2018020678238749,False,0.28539122123145977,False,0.27074588499252483,False,0.08976694014630139,0.09616893681697569,0.09616893681697569,0.09616893681697569,0.1398283202482762,0.1398283202482762,0.11393966024448379,0.13496212594716817,0.13496212594716817,0.12995088253276388,0.134962125947168,0.134962125947168,0.17048650172566396,0.1398283202482762,0.1398283202482762,0.1704865017256634,0.134962125947168,0.134962125947168,0.1704865017256642,0.28451449020488057,0.30052608181281326,0.2845144902048805,0.27591928709023683,0.27591928709023744,0.3914733796942538,0.5075001269528728,0.17445380197730864,0.08976694014630139,0.096168936816976,0.06092881760987984,0.03394037377525081,0.03394037377525081,0.03394037377525081,0.03394037377525081,0.06092881760987903,0.096168936816976,0.08976694014630139
27,35603,232968419,7.987003607279473,11.416451483851446,7.27327,2.7351725476319995e+42,9.530217935999998e+42,26.897009,0.055559714,3.519696504902816,False,3.575941752530293,False,3.6547908916354297,False,3.6380385151682137,False,2.946586618449873,False,2.438383663082329,False,1.5342266816243049,False,1.4269561061572964,False,1.4691412296418511,False,1.1732321683009381,False,1.0979219496433077,False,1.141564884925839,False,1.1308120718089922,False,1.1557463589205612,False,1.1557463589205585,False,1.2537740142108906,False,1.2570179368752417,False,1.3805385508018295,False,2.2562157082710383,False,2.5669349946422653,False,4.510626082836475,False,3.7166659921029797,False,4.483458844652952,False,4.865062398852542,False,4.690324624909365,False,4.711116708913666,False,4.673798626774031,False,4.873425929865438,False,4.4074236889255465,False,4.140632246086885,False,4.164169899909093,False,4.033013189471355,False,3.9750397402115127,False,3.7166659921029757,False,3.4542949861515257,False,3.5759417525302926,False,3.519696504902816,False,0.7259484168082254,0.7293952315888422,0.7340851620358372,0.7331022561172824,0.68515310420275,0.6374973916303779,0.505950256269809,0.48408089428011414,0.49289465248446357,0.4244508747844399,0.40427209779847917,0.4161176570841873,0.4132385078547308,0.41987621999178604,0.4198762199917853,0.44470253692038125,0.44549092153374165,0.4740458591273961,0.6167872695826517,0.6508401066785575,0.7762444725721104,0.7376541889110411,0.7751113639213397,0.7900510283487808,0.7834627547246572,0.7842681674902373,0.7828183171976673,0.7903563785351654,0.7718785484644025,0.759766509540477,0.7608862169688405,0.7545114993342716,0.7515850059476175,0.7376541889110408,0.7218295779538756,0.7293952315888422,0.7259484168082254
28,35613,232968592,7.626009093956103,11.416451483851446,7.273861,2.632189322256001e+42,1.4151555496000003e+43,26.040183,0.089280861,3.8806910182261856,False,3.947281461150152,False,3.9400529475034323,False,3.884886361092662,False,2.946586618449873,False,1.7336195383808413,False,1.5342266816243073,False,1.4269561061572964,False,1.0979219496433077,False,1.0829835399700993,False,1.0090103391193748,False,0.9720074743588185,False,0.9291664980257439,False,0.9024862833084111,False,0.9024862833084142,False,0.9291664980257444,False,0.9720074743588188,False,1.2763083417104468,False,1.895221194947669,False,2.106875442213207,False,4.225332447866274,False,3.2351332532901758,False,3.975039740211512,False,4.61063628252237,False,4.488905445784119,False,4.425864872769395,False,4.3026926805379775,False,5.685663584843012,False,4.8516507609348025,False,4.425864872769397,False,4.287522275686218,False,4.356307926827968,False,4.35630792682797,False,4.0410832589510886,False,3.7396052211540205,False,3.947281461150152,False,3.8806910182261856,False,0.746671407295132,0.7501591239881213,0.7497851422289784,0.7468939891035062,0.68515310420275,0.5422489052135864,0.5059502562698095,0.48408089428011414,0.40427209779847917,0.4001185645972178,0.3787753069577801,0.36759596140544104,0.3542148661502387,0.3456371461550905,0.3456371461550915,0.3542148661502389,0.3675959614054412,0.4501370312940256,0.5681174335812328,0.5980079474984002,0.7637478946814068,0.7070879067213679,0.7515850059476175,0.7803197316668888,0.7753394474603246,0.7726710734177022,0.7672714363627118,0.8163175257229527,0.7895595217313132,0.7726710734177024,0.7665887196674871,0.769652828429228,0.7696528284292281,0.7549134588592232,0.7389533438731221,0.7501591239881213,0.746671407295132
29,35973,233202619,7.265014580632738,9.70172754556546,7.279313,4.817989488545101e+42,2.7220279596300008e+43,25.910431,0.13993649,3.9709396465570235,False,3.947281461150153,False,4.510626082836474,False,4.891775365041611,False,5.061170112687074,False,4.679893941965354,False,4.287522275686215,False,3.2539605698714107,False,2.8338644122081758,False,2.6172102215944015,False,2.2849127687722683,False,2.112666223933135,False,2.104941641491637,False,2.3689190524049715,False,2.241729422326475,False,2.182823109100925,False,3.3695507107541967,False,3.6648055604386016,False,2.4367129649327186,False,2.655825618693399,False,3.0843384738739172,False,3.2351332532901775,False,3.1431927227933087,False,2.819457280687898,False,2.708962576144995,False,2.598471005231932,False,2.5669349946422653,False,2.8879561065869286,False,4.407423688925548,False,3.25396056987141,False,3.0337502953648223,False,3.073757521681584,False,3.143192722793311,False,3.4365653824156523,False,3.6547908916354332,False,3.947281461150154,False,3.9709396465570235,False,0.7513754103677341,0.7501591239881213,0.7762444725721103,0.7910232251497531,0.7969855987783944,0.783056449786979,0.766588719667487,0.7084146602940927,0.6756788559601119,0.6557998607356257,0.6202016401318032,0.5987694035154008,0.5977530376576637,0.6298636656409421,0.6150408593422443,0.6077766776091972,0.7163068140629815,0.7346693310511249,0.6373174105091955,0.6595164112740552,0.6960152131780328,0.707087906721368,0.7004337313283926,0.6744273353798861,0.664503546734701,0.653967448855544,0.6508401066785575,0.680294327255756,0.7718785484644026,0.7084146602940926,0.6921131917701567,0.6952071647367476,0.7004337313283927,0.7206918150796393,0.7340851620358374,0.7501591239881215,0.7513754103677341
30,35983,233202810,6.994268695640216,9.430981660572932,7.287282,4.349764667448e+42,3.6862412436e+42,27.497684,0.014386658,4.151436903218709,False,4.213750884426421,False,4.795931329955609,False,5.216495627623409,False,5.442673226276889,False,5.061170112687073,False,4.567151300192214,False,3.6547908916354346,False,3.11586575118269,False,2.617210221594407,False,2.2849127687722683,False,2.22897669312961,False,2.507548028421779,False,2.2417294223264785,False,2.114592960515924,False,3.1574124622374575,False,3.4542949861515315,False,2.1958438992866127,False,2.9782047349177683,False,2.478142539556829,False,2.5140358737504784,False,2.832426996740496,False,2.819457280687899,False,2.4383836630823286,False,2.384340749785493,False,2.3132538554054376,False,2.566934994642261,False,2.526961593263559,False,2.744804874108264,False,3.084338473873914,False,3.111942309016419,False,3.0737575216815776,False,2.9465866184498704,False,3.313489174001716,False,3.654790891635429,False,4.036041356477498,False,4.151436903218709,False,0.7602817867182702,0.7632112479062987,0.787492778832536,0.8021627033891283,0.8092479947234881,0.7969855987783944,0.7785660635044378,0.7340851620358374,0.6983980180355711,0.6557998607356262,0.6202016401318032,0.6134905490355042,0.6447978437333298,0.6150408593422446,0.5990221378326136,0.7014823298968259,0.721829577953876,0.6094052561943676,0.6877134012120457,0.6417295256844118,0.6454678964258855,0.6755544158597778,0.6744273353798862,0.6374973916303778,0.6315854368830004,0.6235158755267552,0.6508401066785571,0.6467954825568918,0.6677871778615632,0.6960152131780326,0.6981034983474387,0.6952071647367472,0.6851531042027498,0.7125325473462886,0.7340851620358371,0.7546624816192053,0.7602817867182702
31,36029,233203583,7.3552632089635805,9.340733032242095,7.28315,2.2473026832059994e+42,7.830322937999998e+42,26.5218,0.045248168,3.790442389895344,False,3.8427268237515717,False,4.425864872769395,False,4.813730199634929,False,5.188315072935775,False,5.315483321600276,False,4.567151300192209,False,3.7396052211540156,False,3.2937658489299135,False,3.068453363248608,False,2.655825618693399,False,2.5140358737504744,False,2.787499494077232,False,2.6234268817103703,False,2.496153723317685,False,2.507548028421774,False,3.8554230923423964,False,2.5669349946422626,False,2.707458849925244,False,2.8338644122081758,False,2.8837225991460977,False,3.033750295364823,False,2.8194572806878986,False,2.6234268817103747,False,2.384340749785498,False,2.598471005231933,False,2.389459197357105,False,2.5269615932635645,False,3.487149074672372,False,2.883722599146099,False,2.7874994940772364,False,2.6923753963521793,False,2.8194572806878986,False,3.0337502953648237,False,3.369550710754198,False,3.6648055604386034,False,3.790442389895344,False,0.7417875254133911,0.7446394441053023,0.7726710734177022,0.7881573492001734,0.8012430341586357,0.8053270719362953,0.7785660635044376,0.7389533438731218,0.7111809831580376,0.6948004984493902,0.6595164112740552,0.6454678964258851,0.6716170085653512,0.6564035550818417,0.6436150347557451,0.6447978437333293,0.7453225762453961,0.6508401066785573,0.6643643903533366,0.6756788559601119,0.67993776748374,0.6921131917701568,0.6744273353798861,0.6564035550818421,0.6315854368830008,0.6539674488555441,0.6321534346831548,0.6467954825568922,0.7239138558996155,0.6799377674837401,0.6716170085653517,0.6629622500011312,0.6744273353798861,0.6921131917701568,0.7163068140629816,0.734669331051125,0.7417875254133911
32,36045,233203833,7.535760465625265,9.70172754556546,7.285715,4.11651101644e+42,3.488568658e+42,27.475395,0.024638407,3.7001937615644964,False,3.6648055604386025,False,4.225332447866275,False,4.567151300192211,False,4.8650623988525385,False,4.679893941965349,False,4.164169899909092,False,3.369550710754197,False,3.1158657511826857,False,2.7977074782560862,False,2.478142539556825,False,2.2289766931296078,False,2.306201235774044,False,2.623426881710373,False,2.438383663082329,False,2.5075480284217764,False,2.5140358737504784,False,3.947281461150152,False,2.7074588499252457,False,3.027031017358126,False,3.253960569871411,False,3.358655781425619,False,3.3282049644235823,False,3.0737575216815833,False,2.7874994940772364,False,2.9686174793458036,False,2.9382824592837005,False,2.978204734917771,False,3.2047794945314925,False,3.084338473873918,False,2.9104308121345714,False,2.8194572806878986,False,3.0737575216815807,False,3.235133253290176,False,3.454294986151528,False,3.664805560438603,False,3.7001937615644964,False,0.7367133573850188,0.734669331051125,0.7637478946814069,0.7785660635044377,0.7900510283487807,0.7830564497869789,0.7608862169688405,0.7163068140629815,0.6983980180355708,0.6725198603430028,0.6417295256844113,0.6134905490355038,0.6226964235175938,0.6564035550818419,0.6374973916303779,0.6447978437333295,0.6454678964258855,0.7501591239881213,0.6643643903533367,0.6915874668371134,0.7084146602940927,0.7155810200967218,0.7135328458191594,0.6952071647367476,0.6716170085653517,0.686941414015808,0.6844737947748861,0.6877134012120459,0.7049235876639802,0.6960152131780329,0.6821741912388952,0.6744273353798861,0.6952071647367474,0.707087906721368,0.7218295779538758,0.734669331051125,0.7367133573850188
33,36055,233203952,7.626009093956103,9.521230288903777,7.279549,3.656356180704001e+42,2.0657379552000009e+43,25.922036,0.1088179,3.6099451332336585,False,3.5759417525302983,False,4.140632246086891,False,4.488905445784124,False,4.865062398852541,False,5.061170112687073,False,4.365646218201859,False,4.024926939352459,False,3.3984331022279215,False,2.978204734917771,False,2.744804874108264,False,2.5140358737504793,False,2.430018685897049,False,2.819457280687897,False,2.6234268817103708,False,2.6311770518645448,False,3.8554230923423947,False,4.036041356477498,False,2.9782047349177665,False,3.1158657511826853,False,3.168999335899703,False,3.3586557814256155,False,3.0737575216815785,False,2.819457280687896,False,2.5859027525617146,False,2.5140358737504784,False,2.744804874108264,False,3.7904423898953405,False,3.0270310173581216,False,2.8837225991460977,False,2.7089625761449954,False,2.6234268817103747,False,2.8194572806879012,False,3.033750295364825,False,3.253960569871412,False,3.487149074672371,False,3.6099451332336585,False,0.7314376882251741,0.7293952315888426,0.7597665095404772,0.7753394474603248,0.7900510283487808,0.7969855987783944,0.7700626588591934,0.7541074193796369,0.7182132766798915,0.6877134012120459,0.6677871778615632,0.6454678964258855,0.6365944907191744,0.674427335379886,0.6564035550818418,0.6571532620031056,0.745322576245396,0.7546624816192053,0.6877134012120456,0.6983980180355708,0.7023314294485293,0.7155810200967215,0.6952071647367472,0.6744273353798859,0.6527276999876815,0.6454678964258855,0.6677871778615632,0.741787525413391,0.691587466837113,0.67993776748374,0.664503546734701,0.6564035550818421,0.6744273353798863,0.692113191770157,0.7084146602940928,0.7239138558996155,0.7314376882251741
34,36513,233387647,5.730787899008434,6.001533784000959,7.285063,1.5471995715550002e+43,3.5981385385000004e+43,25.245966,0.37240779,1.0829835399700967,False,1.0979219496433048,False,1.141564884925835,False,1.253774014210888,False,1.2826740088389037,False,0.959356078556138,False,1.052470820745819,False,1.1415648849258382,False,1.187035374535448,False,1.1732321683009372,False,1.1870353745354483,False,1.1415648849258375,False,1.0090103391193745,False,1.0867373936521012,False,1.0867373936520994,False,1.052470820745819,False,1.4269561061572953,False,1.469141229641849,False,1.2634807966317796,False,1.0979219496433055,False,1.0563331119665675,False,1.1308120718089907,False,1.0867373936521005,False,1.0867373936521012,False,1.0090103391193745,False,0.8561736636943765,False,0.8320512411058943,False,0.8122376549775723,False,0.8320512411058942,False,0.7710846184684793,False,0.8514038568671474,False,0.8320512411058951,False,0.8320512411058951,False,0.8072082712954991,False,0.9720074743588202,False,0.9203590338678881,False,1.0829835399700967,False,0.40011856459721706,0.4042720977984784,0.41611765708418624,0.4447025369203806,0.4516545371515688,0.3636939499103371,0.3914733796942538,0.4161176570841871,0.4280162390962043,0.42445087478443966,0.42801623909620434,0.4161176570841869,0.37877530695778006,0.40116713159853795,0.40116713159853745,0.3914733796942538,0.4840808942801139,0.4928946524844631,0.44705551315074904,0.40427209779847856,0.39257981366501393,0.4132385078547304,0.4011671315985378,0.40116713159853795,0.37877530695778006,0.3302894611648995,0.32206023063102385,0.3151782861246575,0.3220602306310238,0.30052608181281304,0.3286751808104668,0.32206023063102407,0.32206023063102407,0.31341365604317295,0.3675959614054416,0.35140426614308246,0.40011856459721706
35,38525,235809087,9.972473430557985,12.22868913882902,7.268282,5.427539188364999e+42,7.384407058999999e+42,27.071562,0.035518644,1.4439780532934634,False,1.4691412296418498,False,1.4269561061572948,False,1.4552154060672855,False,1.5368787608407934,False,1.5368787608407934,False,1.3775855237822539,False,1.1415648849258373,False,1.0979219496433077,False,1.0829835399700993,False,1.097921949643307,False,1.141564884925838,False,1.377585523782252,False,1.5368787608407934,False,1.409728640343948,False,1.455215406067287,False,1.5421692369369608,False,2.0180206782387473,False,2.797707478256087,False,3.6648055604386025,False,6.708211565587429,False,6.470266506580357,False,6.852361489911673,False,6.343778881547771,False,6.067500590729643,False,6.052716538081178,False,5.0450516955968725,False,4.422182788211231,False,3.9472814611501477,False,3.369550710754197,False,2.3843407497854936,False,2.114592960515922,False,1.9875198701057564,False,1.7799811802847145,False,1.6269802849357056,False,1.5579328755913435,False,1.4439780532934634,False,0.48767163327379937,0.4928946524844633,0.4840808942801138,0.4900165483576857,0.5064687940729427,0.5064687940729427,0.473395115951035,0.41611765708418685,0.40427209779847917,0.4001185645972178,0.404272097798479,0.416117657084187,0.4733951159510346,0.5064687940729427,0.480398529191529,0.49001654835768604,0.507500126952873,0.5859621977867072,0.6725198603430029,0.734669331051125,0.841113770458909,0.8359589625718166,0.8440823823482668,0.8330806223104097,0.8264296019812218,0.8260587740679349,0.7964328762371382,0.7725132703251282,0.7501591239881211,0.7163068140629815,0.6315854368830004,0.5990221378326134,0.5816644774279089,0.5499694117532247,0.5234926604490696,0.5105490790120197,0.48767163327379937
36,38690,232969652,9.521230288903777,10.96520834219724,7.269167,7.169849985664078e+42,1.021346151804e+43,26.806729,0.059052005,1.985469823278514,False,2.0180206782387504,False,2.112666223933138,False,2.3062012357740445,False,2.4383836630823317,False,2.6234268817103743,False,2.787499494077235,False,2.5140358737504775,False,2.389459197357103,False,2.346464336601878,False,2.478142539556828,False,2.1976977146436254,False,2.0599632450669474,False,2.36891905240497,False,2.3689190524049724,False,2.631177051864546,False,2.799162722816525,False,3.398433102227918,False,4.061188274887866,False,5.949568524119248,False,5.166290591751089,False,5.742678433732623,False,5.315483321600276,False,4.865062398852542,False,4.8137301996349295,False,4.711116708913666,False,3.947281461150149,False,3.4294478765719747,False,3.1158657511826866,False,2.9686174793458036,False,2.708962576144996,False,2.496153723317689,False,2.241729422326475,False,1.9037969002604462,False,1.7123473273887582,False,1.929295316023043,False,1.985469823278514,False,0.5813725164180339,0.5859621977867077,0.5987694035154012,0.6226964235175938,0.6374973916303782,0.6564035550818421,0.6716170085653516,0.6454678964258854,0.6321534346831545,0.6273283757040461,0.6417295256844117,0.6096360524030016,0.5917342529698012,0.6298636656409419,0.6298636656409422,0.6571532620031058,0.6726481727163843,0.7182132766798913,0.7559092047622797,0.8234269097979765,0.8005183208960922,0.8179013435840505,0.8053270719362953,0.7900510283487808,0.7881573492001734,0.7842681674902373,0.7501591239881211,0.7202324682611271,0.6983980180355708,0.686941414015808,0.6645035467347011,0.6436150347557454,0.6150408593422443,0.5694116976178412,0.5386209962648717,0.5732161286270394,0.5813725164180339
37,38988,233210615,8.799241262257045,8.979738518918726,7.283987,6.443038609924e+42,5.460202211800001e+42,26.955826,0.038485839,2.2562157082710375,False,2.3894591973571044,False,2.5140358737504793,False,2.7089625761449954,False,3.5243216008598726,False,4.160256205529476,False,4.690324624909365,False,4.595596269924781,False,4.40742368892555,False,4.061188274887865,False,3.947281461150153,False,3.739605221154019,False,3.638038515168212,False,3.524321600859873,False,3.9750397402115154,False,3.9627267326013844,False,5.166290591751093,False,4.036041356477499,False,4.2416855315495505,False,4.3026926805379775,False,4.140632246086887,False,3.3586557814256195,False,3.1431927227933087,False,2.8194572806878986,False,2.6311770518645474,False,2.598471005231929,False,2.3894591973571,False,1.895221194947668,False,1.7359670269827687,False,1.5421692369369566,False,1.578706231118728,False,1.6641024822117894,False,1.6641024822117894,False,1.7799811802847114,False,1.9123341489142687,False,2.0180206782387473,False,2.2562157082710375,False,0.6167872695826516,0.6321534346831547,0.6454678964258855,0.664503546734701,0.7262351281627698,0.760700757843514,0.7834627547246572,0.7797163283612494,0.7718785484644027,0.7559092047622797,0.7501591239881213,0.7389533438731221,0.7331022561172823,0.7262351281627698,0.7515850059476176,0.7509545114410097,0.8005183208960923,0.7546624816192053,0.7645015355824114,0.7672714363627118,0.7597665095404771,0.7155810200967219,0.7004337313283926,0.6744273353798861,0.6571532620031059,0.6539674488555438,0.6321534346831542,0.5681174335812327,0.542645919230156,0.5075001269528723,0.5145128070598126,0.5301858852599324,0.5301858852599324,0.5499694117532241,0.5706927450680411,0.5859621977867072,0.6167872695826516
38,39936,233386074,6.7235228106476885,0.4963674558196285,7.28587,2.9611294772535005e+42,4.028747588100001e+42,27.612524,0.022094311,2.7977074782560862,False,2.2849127687722683,False,3.0843384738739186,False,3.2351332532901793,False,3.073757521681583,False,2.3689190524049737,False,1.534226681624306,False,1.1415648849258369,False,1.0090103391193757,False,0.8122376549775745,False,0.6381541708552227,False,0.4860037371794084,False,0.5262354103729084,False,0.3828925025131332,False,0.3828925025131332,False,0.32539605698713925,False,0.3721046271751691,False,0.3721046271751691,False,0.36099451332336496,False,0.3721046271751686,False,0.3721046271751686,False,0.32539605698713925,False,0.45124314165420687,False,0.45124314165420554,False,0.5262354103729084,False,0.7710846184684791,False,0.8320512411058938,False,0.9024862833084146,False,1.0979219496433055,False,1.9123341489142702,False,2.9104308121345714,False,3.905795480681976,False,4.806957448901805,False,5.866160841504697,False,5.968021081222121,False,3.1158657511826893,False,2.7977074782560862,False,0.6725198603430028,0.6202016401318032,0.6960152131780329,0.7070879067213682,0.6952071647367475,0.6298636656409423,0.5059502562698093,0.41611765708418674,0.3787753069577804,0.31517828612465826,0.24984196273558146,0.18584176542516442,0.2033181611873831,0.1398283202482762,0.1398283202482762,0.11393966024448379,0.13496212594716817,0.13496212594716817,0.12995088253276388,0.134962125947168,0.134962125947168,0.11393966024448379,0.17048650172566396,0.1704865017256634,0.2033181611873831,0.300526081812813,0.32206023063102357,0.3456371461550916,0.40427209779847856,0.5706927450680414,0.6821741912388952,0.7479975523230628,0.7879049575573531,0.8212399770041873,0.82390354805444,0.698398018035571,0.6725198603430028
39,41622,232959992,10.152970687219668,10.062722058888824,7.264239,9.658055257725e+42,1.3140211234999998e+43,26.296586,0.074024131,0.992734911639257,False,1.0979219496433024,False,1.0563331119665689,False,1.5787062311187268,False,1.73361953838084,False,2.114592960515922,False,2.5075480284217733,False,3.0843384738739172,False,3.3984331022279193,False,3.2489506199102927,False,3.293765848929917,False,3.4542949861515306,False,3.1574124622374575,False,3.3282049644235796,False,3.6514465649704535,False,3.7613220426326657,False,4.225332447866276,False,4.851650760934804,False,6.497901239820588,False,5.860604448269675,False,5.968021081222122,False,5.294757118082904,False,4.483458844652953,False,4.35630792682797,False,4.041083258951085,False,2.6832846262349705,False,2.389459197357105,False,2.165967079940195,False,1.9292953160230428,False,1.7123473273887526,False,1.6567445870008601,False,1.4097286403439506,False,1.2826740088389057,False,1.1766981497613254,False,1.1415648849258329,False,1.0090103391193757,False,0.992734911639257,False,0.37390058562673034,0.40427209779847767,0.3925798136650143,0.5145128070598124,0.5422489052135862,0.5990221378326134,0.6447978437333292,0.6960152131780328,0.7182132766798913,0.7080627722101579,0.7111809831580378,0.7218295779538759,0.7014823298968259,0.7135328458191592,0.733889514992072,0.7401715707510642,0.7637478946814069,0.7895595217313133,0.8365746907868074,0.8210923701661536,0.82390354805444,0.8046728811134123,0.7751113639213397,0.7696528284292281,0.754913458859223,0.6621116091706583,0.6321534346831548,0.6056486728723826,0.5732161286270393,0.5386209962648708,0.5288735146858803,0.48039852919152953,0.4516545371515692,0.42534991357397856,0.41611765708418563,0.3787753069577804,0.37390058562673034
40,41625,232960005,10.24321931555051,10.062722058888824,7.264281,3.048173138292e+42,7.398478491e+42,26.704936,0.030650329,0.9024862833084146,False,1.0090103391193703,False,0.9720074743588182,False,1.3325050287336395,False,1.6641024822117902,False,1.9875198701057564,False,2.5075480284217733,False,2.968617479345802,False,3.3984331022279193,False,3.2489506199102927,False,3.293765848929917,False,3.539311421758516,False,3.1119423090164218,False,3.524321600859874,False,3.6514465649704535,False,3.8395461967832936,False,4.310257860323427,False,4.956285079113657,False,6.58814986815143,False,5.9495685241192495,False,5.968021081222122,False,5.417925152289991,False,4.483458844652953,False,4.35630792682797,False,3.962726732601384,False,2.6832846262349705,False,2.284912768772269,False,2.0757184516093528,False,1.9292953160230428,False,1.542169236936959,False,1.4552154060672842,False,1.3416423131174864,False,1.1557463589205585,False,1.1766981497613207,False,1.0563331119665644,False,0.9203590338678869,False,0.9024862833084146,False,0.3456371461550916,0.37877530695777883,0.36759596140544093,0.4632718389191385,0.5301858852599326,0.5816644774279089,0.6447978437333292,0.6869414140158078,0.7182132766798913,0.7080627722101579,0.7111809831580378,0.7271602845226173,0.6981034983474389,0.7262351281627698,0.733889514992072,0.7444677385224358,0.7676104133246953,0.7933344735975495,0.8385537997839352,0.8234269097979765,0.82390354805444,0.8084974507799737,0.7751113639213397,0.7696528284292281,0.7509545114410097,0.6621116091706583,0.6202016401318033,0.5938623233482128,0.5732161286270393,0.5075001269528727,0.49001654835768543,0.46535277761027255,0.4198762199917853,0.42534991357397733,0.39257981366501304,0.35140426614308196,0.3456371461550916
41,41807,232961030,9.521230288903777,9.521230288903777,7.276181,3.193592370868e+42,2.7064342126000002e+42,27.714959,0.011142745,1.714723938285987,False,1.6468829244649623,False,1.7123473273887582,False,1.9813633663006915,False,2.6234268817103743,False,3.0737575216815842,False,3.6380385151682137,False,4.140632246086891,False,3.8427268237515717,False,3.790442389895343,False,3.6648055604386016,False,3.4542949861515306,False,3.436565382415652,False,3.6514465649704535,False,3.651446564970454,False,4.365646218201855,False,4.310257860323424,False,5.860604448269673,False,4.873425929865438,False,5.133869989284523,False,5.081246233203699,False,4.365646218201855,False,3.6514465649704535,False,3.524321600859873,False,4.365646218201855,False,2.9686174793458036,False,2.19584389928661,False,1.9854698232785095,False,1.8251655542661687,False,1.712347327388753,False,1.6567445870008586,False,1.6641024822117902,False,1.6641024822117882,False,1.6567445870008601,False,1.6269802849357073,False,1.6468829244649614,False,1.714723938285987,False,0.5390290463404668,0.5271035708715673,0.5386209962648717,0.580786500568104,0.6564035550818421,0.6952071647367476,0.7331022561172824,0.7597665095404772,0.7446394441053023,0.7417875254133911,0.7346693310511249,0.7218295779538759,0.7206918150796392,0.733889514992072,0.733889514992072,0.7700626588591932,0.7676104133246952,0.8210923701661536,0.7903563785351654,0.7994419019308462,0.7976698730781823,0.7700626588591932,0.733889514992072,0.7262351281627698,0.7700626588591932,0.686941414015808,0.6094052561943673,0.5813725164180333,0.5572570165458073,0.5386209962648708,0.52887351468588,0.5301858852599326,0.5301858852599323,0.5288735146858803,0.52349266044907,0.5271035708715671,0.5390290463404668
42,42447,233214584,9.611478917234615,6.001533784000959,7.269398,2.4967022712772006e+42,3.5769373514000007e+42,27.567441,0.015736147,2.34646433660188,False,2.1068754422132083,False,1.3416423131174857,False,1.2537740142108902,False,0.9593560785561398,False,0.8320512411058978,False,0.807208271295498,False,0.7710846184684773,False,0.8320512411058948,False,0.8122376549775723,False,0.8320512411058948,False,0.8561736636943754,False,0.8072082712954971,False,0.8320512411058966,False,0.8320512411058965,False,0.8072082712954975,False,0.9720074743588185,False,1.0979219496433075,False,1.0829835399700993,False,1.1870353745354474,False,1.1415648849258375,False,1.2537740142108889,False,1.2826740088389057,False,1.3416423131174864,False,1.3775855237822496,False,1.6269802849357038,False,2.0180206782387478,False,2.2562157082710366,False,3.0270310173581243,False,2.5984710052319304,False,2.5859027525617146,False,2.3689190524049737,False,2.3689190524049715,False,2.384340749785494,False,2.5140358737504793,False,2.566934994642261,False,2.34646433660188,False,0.6273283757040462,0.5980079474984004,0.4653527776102724,0.44470253692038114,0.36369394991033765,0.322060230631025,0.3134136560431726,0.3005260818128123,0.322060230631024,0.3151782861246575,0.322060230631024,0.3302894611648991,0.31341365604317223,0.32206023063102457,0.3220602306310245,0.3134136560431724,0.36759596140544104,0.4042720977984791,0.4001185645972178,0.42801623909620407,0.4161176570841869,0.4447025369203808,0.4516545371515692,0.46535277761027255,0.47339511595103406,0.5234926604490693,0.5859621977867073,0.6167872695826515,0.6915874668371133,0.6539674488555439,0.6527276999876815,0.6298636656409423,0.6298636656409421,0.6315854368830004,0.6454678964258855,0.6508401066785571,0.6273283757040462
43,43131,233385722,7.7162577222869455,0.4963674558196285,7.275042,3.8423338026e+42,3.12384862e+43,25.605638,0.29180665,1.8049725666168293,False,1.3805385508018306,False,1.3416423131174857,False,2.1828231091009282,False,2.368919052404972,False,2.3689190524049737,False,2.3062012357740453,False,1.9123341489142704,False,2.0180206782387486,False,1.5342266816243044,False,1.3805385508018295,False,1.341642313117487,False,1.2537740142108862,False,1.2826740088389057,False,1.2826740088389073,False,1.2537740142108853,False,1.2570179368752372,False,1.2763083417104464,False,1.353729424962622,False,1.2763083417104464,False,1.3416423131174848,False,1.4552154060672846,False,1.3416423131174864,False,1.3416423131174848,False,1.4552154060672835,False,1.712347327388755,False,1.7359670269827676,False,2.2562157082710366,False,2.566934994642263,False,3.0843384738739172,False,3.235133253290179,False,4.1602562055294765,False,4.610636282522372,False,4.891775365041613,False,4.795931329955608,False,1.8251655542661684,False,1.8049725666168293,False,0.5540283961659506,0.4740458591273964,0.4653527776102724,0.6077766776091976,0.6298636656409421,0.6298636656409423,0.6226964235175939,0.5706927450680414,0.5859621977867074,0.5059502562698089,0.4740458591273961,0.4653527776102727,0.44470253692038014,0.4516545371515692,0.4516545371515696,0.44470253692038,0.44549092153374065,0.45013703129402544,0.4680826210744252,0.45013703129402544,0.4653527776102722,0.49001654835768554,0.46535277761027255,0.4653527776102722,0.4900165483576853,0.5386209962648711,0.5426459192301558,0.6167872695826515,0.6508401066785573,0.6960152131780328,0.7070879067213681,0.7607007578435141,0.7803197316668888,0.7910232251497531,0.787492778832536,0.5572570165458072,0.5540283961659506
44,43553,230596800,6.362528297324324,-7.806506350617786,7.264881,4.576490107294e+42,1.5945958561999998e+43,26.331354,0.17920082,2.797707478256087,False,1.9292953160230442,False,1.9123341489142704,False,1.5787062311187283,False,1.5368787608407928,False,1.5368787608407914,False,1.981363366300693,False,1.4269561061572953,False,1.4691412296418498,False,1.4439780532934634,False,1.4691412296418491,False,1.3416423131174866,False,1.3775855237822496,False,1.3416423131174857,False,1.3416423131174844,False,1.4552154060672844,False,1.4269561061572953,False,1.3805385508018297,False,1.353729424962622,False,1.38053855080183,False,1.6269802849357038,False,1.9037969002604418,False,1.9875198701057561,False,3.975039740211514,False,3.638038515168212,False,3.940052947503432,False,3.664805560438602,False,3.519696504902818,False,3.4871490746723683,False,3.654790891635431,False,3.4365653824156506,False,3.0737575216815833,False,3.2701899003239343,False,3.23513325329018,False,2.9686174793458044,False,2.6558256186933997,False,2.797707478256087,False,0.6725198603430029,0.5732161286270395,0.5706927450680414,0.5145128070598127,0.5064687940729424,0.5064687940729422,0.5807865005681042,0.4840808942801139,0.4928946524844633,0.48767163327379937,0.4928946524844632,0.4653527776102726,0.47339511595103406,0.4653527776102724,0.4653527776102721,0.4900165483576855,0.4840808942801139,0.47404585912739616,0.4680826210744252,0.4740458591273962,0.5234926604490693,0.5694116976178404,0.5816644774279089,0.7515850059476176,0.7331022561172823,0.7497851422289784,0.734669331051125,0.7259484168082255,0.7239138558996153,0.7340851620358372,0.7206918150796392,0.6952071647367476,0.7095488390753902,0.7070879067213682,0.686941414015808,0.6595164112740554,0.6725198603430029
45,43687,227435337,5.640539270677594,-10.062722058888822,7.264588,3.492501281934001e+42,3.5637768183000005e+43,26.23492,0.28714517,2.887956106586924,False,3.487149074672367,False,3.7396052211540165,False,4.041083258951083,False,4.160256205529476,False,3.9057954806819724,False,3.761322042632663,False,3.8554230923423956,False,3.7537354467230584,False,3.3391992482411332,False,2.9382824592836982,False,2.028085681714944,False,1.7028077137342947,False,1.2826740088389055,False,1.2826740088389057,False,1.3775855237822505,False,1.6269802849357065,False,1.9292953160230428,False,2.1659670799401964,False,2.1958438992866127,False,2.028085681714946,False,1.3775855237822516,False,1.4097286403439506,False,1.4097286403439493,False,2.2616241436179827,False,1.626980284935706,False,1.4691412296418511,False,1.4439780532934652,False,1.3805385508018302,False,1.3416423131174875,False,1.4552154060672857,False,1.4097286403439493,False,1.6641024822117898,False,2.2616241436179796,False,2.5140358737504784,False,2.4781425395568264,False,2.887956106586924,False,0.6802943272557557,0.7239138558996153,0.7389533438731218,0.7549134588592229,0.760700757843514,0.7479975523230625,0.7401715707510641,0.7453225762453961,0.7397472759670417,0.7142756960278527,0.6844737947748859,0.5873616986605027,0.5369761281504789,0.45165453715156917,0.4516545371515692,0.4733951159510343,0.5234926604490697,0.5732161286270393,0.6056486728723827,0.6094052561943676,0.5873616986605029,0.4733951159510345,0.48039852919152953,0.48039852919152926,0.6174353348810941,0.5234926604490697,0.49289465248446357,0.4876716332737997,0.4740458591273963,0.4653527776102728,0.49001654835768577,0.48039852919152926,0.5301858852599325,0.6174353348810937,0.6454678964258855,0.6417295256844116,0.6802943272557557
46,43761,227432555,5.640539270677594,-10.152970687219664,7.279325,2.68873919206e+42,6.252881842e+42,26.92963,0.026307944,2.7074588499252448,False,3.4871490746723675,False,3.7396052211540174,False,3.8395461967832896,False,4.229185921031849,False,3.905795480681973,False,3.8848863610926574,False,3.940052947503431,False,3.84272682375157,False,3.4294478765719756,False,2.9382824592836987,False,2.0280856817149457,False,1.7028077137342947,False,1.2826740088389068,False,1.2826740088389068,False,1.5787062311187283,False,1.827395445817717,False,2.1068754422132097,False,2.1659670799401964,False,2.1958438992866127,False,2.028085681714946,False,1.3325050287336417,False,1.3416423131174864,False,1.2826740088389055,False,2.182823109100928,False,1.5421692369369588,False,1.2763083417104477,False,1.3537294249626228,False,1.2763083417104475,False,1.2570179368752397,False,1.3775855237822505,False,1.341642313117485,False,1.4097286403439473,False,2.1828231091009287,False,2.397965664977804,False,2.4781425395568264,False,2.7074588499252448,False,0.6643643903533367,0.7239138558996153,0.738953343873122,0.7444677385224356,0.763925915189767,0.7479975523230625,0.746893989103506,0.7497851422289783,0.7446394441053021,0.7202324682611271,0.6844737947748859,0.5873616986605029,0.5369761281504789,0.45165453715156945,0.45165453715156945,0.5145128070598127,0.5576107963791022,0.5980079474984006,0.6056486728723827,0.6094052561943676,0.5873616986605029,0.46327183891913903,0.46535277761027255,0.45165453715156917,0.6077766776091976,0.5075001269528727,0.45013703129402577,0.46808262107442544,0.4501370312940257,0.4454909215337412,0.4733951159510343,0.4653527776102723,0.4803985291915288,0.6077766776091976,0.6330936245520105,0.6417295256844116,0.6643643903533367
47,45538,233413451,10.333467943881349,5.008798872361702,7.27293,1.5502689956565e+43,2.1092095178999998e+43,25.920976,0.23478415,1.3537294249626228,False,1.8251655542661684,False,1.9123341489142702,False,1.9037969002604462,False,1.98751987010576,False,1.9875198701057604,False,1.8583329960514918,False,1.54216923693696,False,1.6468829244649614,False,1.624475309955149,False,1.6468829244649608,False,1.9123341489142687,False,2.104941641491635,False,1.987519870105757,False,2.1145929605159224,False,2.0599632450669474,False,1.9123341489142702,False,1.8251655542661684,False,1.6244753099551446,False,1.3805385508018286,False,1.4269561061572944,False,1.4552154060672826,False,1.5368787608407877,False,1.409728640343949,False,1.4552154060672835,False,2.1126662239331364,False,2.106875442213209,False,1.353729424962622,False,1.4691412296418487,False,1.4269561061572955,False,1.377585523782251,False,1.282674008838907,False,1.1557463589205585,False,1.1766981497613234,False,1.2570179368752412,False,1.2763083417104506,False,1.3537294249626228,False,0.46808262107442544,0.5572570165458072,0.5706927450680414,0.5694116976178412,0.5816644774279094,0.5816644774279095,0.5624636059834802,0.5075001269528729,0.5271035708715671,0.5230344657069763,0.527103570871567,0.5706927450680411,0.5977530376576634,0.581664477427909,0.5990221378326134,0.5917342529698012,0.5706927450680414,0.5572570165458072,0.5230344657069754,0.4740458591273959,0.4840808942801137,0.4900165483576851,0.5064687940729414,0.4803985291915292,0.4900165483576853,0.5987694035154009,0.5980079474984006,0.4680826210744252,0.49289465248446307,0.48408089428011397,0.4733951159510344,0.4516545371515695,0.4198762199917853,0.425349913573978,0.44549092153374154,0.4501370312940265,0.46808262107442544
48,45550,233413866,9.70172754556546,5.369793385685069,7.273742,6.303537934686002e+42,1.9276874418000004e+43,26.013115,0.092763865,2.34646433660188,False,2.478142539556825,False,2.397965664977805,False,2.3062012357740427,False,1.66410248221179,False,1.5368787608407914,False,1.455215406067285,False,1.3416423131174868,False,1.380538550801827,False,1.4439780532934616,False,1.4691412296418482,False,1.4269561061572924,False,1.3325050287336417,False,1.2826740088389037,False,1.4097286403439506,False,1.3325050287336433,False,1.3416423131174842,False,1.1870353745354525,False,1.1732321683009417,False,1.0979219496433075,False,1.0563331119665702,False,1.0090103391193745,False,0.9593560785561415,False,1.0867373936521039,False,1.1766981497613245,False,1.4269561061572948,False,1.4691412296418511,False,2.4367129649327217,False,2.3894591973571044,False,1.8273954458177164,False,1.9813633663006938,False,2.114592960515925,False,1.8605231358758512,False,1.9037969002604418,False,2.0280856817149457,False,2.0180206782387478,False,2.34646433660188,False,0.6273283757040462,0.6417295256844113,0.6330936245520105,0.6226964235175936,0.5301858852599325,0.5064687940729422,0.49001654835768566,0.46535277761027266,0.4740458591273956,0.487671633273799,0.492894652484463,0.4840808942801133,0.46327183891913903,0.4516545371515688,0.48039852919152953,0.46327183891913937,0.46535277761027205,0.4280162390962054,0.42445087478444077,0.4042720977984791,0.3925798136650147,0.37877530695778006,0.3636939499103381,0.4011671315985387,0.4253499135739783,0.4840808942801138,0.49289465248446357,0.6373174105091959,0.6321534346831547,0.557610796379102,0.5807865005681043,0.5990221378326137,0.5628032652859477,0.5694116976178404,0.5873616986605029,0.5859621977867073,0.6273283757040462
49,46241,230219081,8.61874400559536,-0.7671133408121511,7.27197,7.7488971674e+42,2.6720335059999996e+43,25.413739,0.14984496,3.700193761564501,False,1.929295316023043,False,1.8273954458177146,False,1.578706231118728,False,1.3416423131174864,False,1.3416423131174848,False,1.5787062311187274,False,1.626980284935705,False,3.2047794945314934,False,3.2489506199102913,False,3.2937658489299153,False,2.9686174793458013,False,2.910430812134571,False,2.819457280687898,False,2.692375396352175,False,2.6311770518645465,False,2.3132538554054367,False,1.8251655542661684,False,1.6244753099551446,False,1.5579328755913404,False,1.2570179368752372,False,1.1766981497613236,False,1.2826740088389073,False,1.3416423131174864,False,1.4552154060672855,False,1.3416423131174866,False,1.4691412296418498,False,1.5342266816243044,False,1.6468829244649592,False,1.8273954458177177,False,1.7799811802847134,False,2.1145929605159246,False,2.6234268817103756,False,3.5150653232852895,False,3.539311421758517,False,3.7537354467230597,False,3.700193761564501,False,0.736713357385019,0.5732161286270394,0.5576107963791017,0.5145128070598126,0.46535277761027255,0.4653527776102722,0.5145128070598125,0.5234926604490695,0.7049235876639803,0.7080627722101578,0.7111809831580377,0.6869414140158078,0.6821741912388952,0.6744273353798861,0.6629622500011307,0.6571532620031058,0.6235158755267551,0.5572570165458072,0.5230344657069754,0.5105490790120191,0.44549092153374065,0.4253499135739781,0.4516545371515696,0.46535277761027255,0.4900165483576857,0.4653527776102726,0.4928946524844633,0.5059502562698089,0.5271035708715668,0.5576107963791023,0.5499694117532244,0.5990221378326137,0.6564035550818422,0.725660731915128,0.7271602845226174,0.7397472759670418,0.736713357385019
50,46272,230221066,8.889489890587887,-1.2183564824663584,7.28157,4.132136401038801e+42,5.919966190600001e+42,27.029003,0.033356174,3.429447876571974,False,3.487149074672366,False,2.397965664977805,False,1.7799811802847114,False,1.6641024822117902,False,1.6641024822117887,False,1.534226681624304,False,1.8273954458177137,False,1.9292953160230408,False,3.7001937615644986,False,3.5759417525302926,False,3.4542949861515293,False,3.4365653824156523,False,3.3282049644235836,False,3.1431927227933096,False,2.910430812134572,False,2.197697714643631,False,1.8251655542661684,False,1.4439780532934643,False,1.2763083417104508,False,1.341642313117489,False,1.253774014210889,False,1.2826740088389073,False,1.0867373936521034,False,1.1308120718089918,False,1.1415648849258369,False,1.187035374535451,False,1.1732321683009395,False,1.2763083417104484,False,1.2570179368752394,False,1.2537740142108862,False,1.5368787608407892,False,2.1145929605159224,False,2.430018685897047,False,3.0843384738739155,False,3.487149074672366,False,3.429447876571974,False,0.720232468261127,0.7239138558996152,0.6330936245520105,0.5499694117532241,0.5301858852599326,0.5301858852599323,0.5059502562698088,0.5576107963791016,0.5732161286270391,0.7367133573850189,0.7293952315888422,0.7218295779538758,0.7206918150796393,0.7135328458191595,0.7004337313283926,0.6821741912388953,0.6096360524030023,0.5572570165458072,0.48767163327379953,0.45013703129402655,0.46535277761027316,0.44470253692038086,0.4516545371515696,0.40116713159853856,0.4132385078547307,0.41611765708418674,0.428016239096205,0.4244508747844402,0.45013703129402594,0.44549092153374115,0.44470253692038014,0.5064687940729418,0.5990221378326134,0.6365944907191742,0.6960152131780327,0.7239138558996152,0.720232468261127
51,46768,230596812,6.362528297324324,-7.806506350617786,7.265976,9.674330600682998e+42,2.2446242693e+43,25.998876,0.1105,2.797707478256087,False,1.9292953160230442,False,1.9123341489142704,False,1.5787062311187283,False,1.5368787608407928,False,1.5368787608407914,False,1.981363366300693,False,1.4269561061572953,False,1.4691412296418498,False,1.4439780532934634,False,1.4691412296418491,False,1.3416423131174866,False,1.3775855237822496,False,1.3416423131174857,False,1.3416423131174844,False,1.4552154060672844,False,1.4269561061572953,False,1.3805385508018297,False,1.353729424962622,False,1.38053855080183,False,1.6269802849357038,False,1.9037969002604418,False,1.9875198701057561,False,3.975039740211514,False,3.638038515168212,False,3.940052947503432,False,3.664805560438602,False,3.519696504902818,False,3.4871490746723683,False,3.654790891635431,False,3.4365653824156506,False,3.0737575216815833,False,3.2701899003239343,False,3.23513325329018,False,2.9686174793458044,False,2.6558256186933997,False,2.797707478256087,False,0.6725198603430029,0.5732161286270395,0.5706927450680414,0.5145128070598127,0.5064687940729424,0.5064687940729422,0.5807865005681042,0.4840808942801139,0.4928946524844633,0.48767163327379937,0.4928946524844632,0.4653527776102726,0.47339511595103406,0.4653527776102724,0.4653527776102721,0.4900165483576855,0.4840808942801139,0.47404585912739616,0.4680826210744252,0.4740458591273962,0.5234926604490693,0.5694116976178404,0.5816644774279089,0.7515850059476176,0.7331022561172823,0.7497851422289784,0.734669331051125,0.7259484168082255,0.7239138558996153,0.7340851620358372,0.7206918150796392,0.6952071647367476,0.7095488390753902,0.7070879067213682,0.686941414015808,0.6595164112740554,0.6725198603430029
52,47041,227435167,6.1820310406626415,-10.51396520054303,7.26511,2.627844975288e+42,1.5549378551999998e+43,26.160299,0.06396588,1.8952211949476698,False,2.195843899286613,False,3.0843384738739172,False,3.43656538241565,False,3.905795480681974,False,4.160256205529477,False,3.8848863610926587,False,3.9400529475034314,False,4.124865859477732,False,4.151436903218707,False,3.84272682375157,False,3.3695507107541975,False,2.5859027525617155,False,2.1145929605159237,False,1.9875198701057568,False,2.306201235774045,False,2.514035873750477,False,2.7448048741082647,False,2.7074588499252443,False,1.735967026982768,False,1.626980284935705,False,2.631177051864546,False,1.5368787608407921,False,1.1557463589205603,False,1.1308120718089913,False,0.9720074743588185,False,0.9203590338678865,False,0.9024862833084146,False,0.8320512411058959,False,0.7710846184684793,False,0.7276077030336423,False,0.8320512411058935,False,0.9593560785561395,False,1.455215406067286,False,1.7123473273887544,False,1.8251655542661702,False,1.8952211949476698,False,0.5681174335812329,0.6094052561943676,0.6960152131780328,0.7206918150796391,0.7479975523230626,0.7607007578435141,0.7468939891035061,0.7497851422289783,0.75901064792061,0.7602817867182701,0.7446394441053021,0.7163068140629816,0.6527276999876817,0.5990221378326136,0.581664477427909,0.6226964235175939,0.6454678964258853,0.6677871778615632,0.6643643903533366,0.5426459192301559,0.5234926604490695,0.6571532620031058,0.5064687940729423,0.41987621999178576,0.4132385078547306,0.36759596140544104,0.3514042661430819,0.3456371461550916,0.32206023063102435,0.30052608181281304,0.28451449020488023,0.3220602306310235,0.3636939499103375,0.4900165483576858,0.538620996264871,0.5572570165458074,0.5681174335812329
53,48963,227433091,8.167500863941154,-8.889489890587884,7.272786,2.6458403120700004e+42,9.123587283000002e+42,26.874379,0.1216545,0.992734911639257,False,1.0090103391193752,False,0.9720074743588188,False,1.009010339119374,False,1.1557463589205597,False,1.5368787608407914,False,1.6567445870008595,False,1.626980284935705,False,1.4691412296418507,False,1.5342266816243049,False,1.929295316023043,False,2.3132538554054376,False,2.8324269967404967,False,3.270189900323931,False,3.3282049644235805,False,3.515065323285289,False,3.369550710754198,False,3.398433102227919,False,3.339199248241134,False,4.496157317144845,False,4.996384464421145,False,4.164169899909094,False,4.1602562055294765,False,3.270189900323931,False,2.585902752561714,False,2.514035873750478,False,2.1958438992866114,False,1.4439780532934634,False,1.2763083417104477,False,1.2570179368752377,False,1.2537740142108882,False,1.1557463589205608,False,1.0867373936521005,False,1.0524708207458187,False,1.0563331119665695,False,1.0090103391193752,False,0.992734911639257,False,0.37390058562673034,0.3787753069577802,0.3675959614054412,0.3787753069577799,0.4198762199917856,0.5064687940729422,0.5288735146858802,0.5234926604490695,0.4928946524844635,0.505950256269809,0.5732161286270394,0.6235158755267552,0.6755544158597778,0.70954883907539,0.7135328458191593,0.7256607319151279,0.7163068140629816,0.7182132766798913,0.7142756960278527,0.7756424163299614,0.7947456873511398,0.7608862169688406,0.7607007578435141,0.70954883907539,0.6527276999876814,0.6454678964258854,0.6094052561943674,0.48767163327379937,0.45013703129402577,0.4454909215337407,0.44470253692038064,0.41987621999178587,0.4011671315985378,0.39147337969425366,0.3925798136650145,0.3787753069577802,0.37390058562673034
54,49104,227433234,7.89675497894863,-9.160235775580407,7.27279,2.4062106344849996e+42,3.819381959499999e+43,27.709809,0.17832362,1.2634807966317805,False,1.276308341710447,False,1.3416423131174855,False,1.377585523782249,False,1.409728640343948,False,1.9875198701057561,False,1.9813633663006922,False,1.9123341489142678,False,1.8251655542661673,False,2.165967079940195,False,2.478142539556827,False,2.8837225991460973,False,3.2351332532901775,False,3.328204964423581,False,3.3972345717366768,False,3.3134891740017194,False,3.084338473873918,False,3.2047794945314934,False,3.0684533632486106,False,4.496157317144846,False,4.59559626992478,False,3.761322042632665,False,3.7786056352898143,False,2.8194572806879,False,2.306201235774046,False,2.1976977146436303,False,2.10687544221321,False,1.8049725666168293,False,1.1870353745354507,False,1.1415648849258362,False,1.1766981497613225,False,1.0867373936521008,False,1.1557463589205608,False,1.2537740142108866,False,1.2570179368752383,False,1.2763083417104475,False,1.2634807966317805,False,0.44705551315074926,0.45013703129402566,0.46535277761027233,0.47339511595103395,0.480398529191529,0.5816644774279089,0.580786500568104,0.570692745068041,0.5572570165458071,0.6056486728723826,0.6417295256844116,0.67993776748374,0.707087906721368,0.7135328458191593,0.7181346685506608,0.7125325473462888,0.6960152131780329,0.7049235876639803,0.6948004984493904,0.7756424163299614,0.7797163283612494,0.7401715707510642,0.7411330864370652,0.6744273353798862,0.622696423517594,0.6096360524030022,0.5980079474984006,0.5540283961659506,0.42801623909620495,0.4161176570841865,0.4253499135739778,0.4011671315985378,0.41987621999178587,0.44470253692038025,0.44549092153374087,0.4501370312940257,0.44705551315074926
